node,degree,betweenness,closeness,eigenvector
160,0.5418326693227091,0.07212078608028882,0.4496688397114823,0.14898280987275192
121,0.3754980079681275,0.024532102889508717,0.42761501763646054,0.13592343520192784
107,0.3695219123505976,0.02185778938072534,0.43313263076725356,0.14349082291655316
62,0.3655378486055777,0.024511105581801352,0.4367960817756949,0.1398989291234652
86,0.35258964143426297,0.037432912122184775,0.423034390478414,0.09944303261496094
82,0.3446215139442231,0.018229609890582157,0.41365100288924406,0.11210321843353047
434,0.3047808764940239,0.014775207960301398,0.42843368072064014,0.1359320922745619
183,0.29880478087649404,0.0149555521023646,0.4185508589085057,0.12583492888210382
5,0.27689243027888444,0.026984804243671952,0.4076233015720966,0.08008739451120656
129,0.27191235059760954,0.01556946653440102,0.4190733943128858,0.11526755688389448
249,0.2689243027888446,0.00914498584009736,0.4123805759761935,0.11540510770267598
211,0.2599601593625498,0.013691702622698781,0.40321656317672255,0.10692816894202031
166,0.24900398406374502,0.013955522976033403,0.41544280797601674,0.10770306556333584
64,0.24601593625498008,0.018665323080076183,0.4214410406084389,0.0940386441764568
128,0.23904382470119523,0.010041832893355892,0.41725020366018833,0.12007934599336952
21,0.23705179282868524,0.012649398528524305,0.4022501963386717,0.09488045885920338
283,0.23505976095617528,0.00827238998542952,0.4086156894030694,0.1116335685142526
114,0.23306772908366533,0.008372892397783223,0.40009271614376823,0.10921472096311835
87,0.23107569721115537,0.008463876328105913,0.40886454183266935,0.10904955306993341
105,0.23107569721115537,0.006699560345777801,0.412634036686689,0.10628589146968422
13,0.2300796812749004,0.010797965523745075,0.37009679034688153,0.04951788390249614
106,0.22709163346613545,0.009330466439953387,0.4086156894030694,0.10863302221120125
282,0.22211155378486055,0.006737237258433714,0.3993786898805729,0.09443867525180508
333,0.21613545816733068,0.011492938932395693,0.38319382288198806,0.0801523063073669
142,0.21613545816733068,0.006094493036153956,0.4022501963386717,0.08444477579956995
377,0.21613545816733068,0.016220465196907407,0.37568862769403644,0.050332432316210714
63,0.2151394422310757,0.007536633652473934,0.3876186938159602,0.09530873417573121
58,0.2151394422310757,0.007339069355930424,0.39032301028444366,0.08867271901263214
420,0.21414342629482072,0.009433998418109563,0.40443107089713437,0.08760340527887821
820,0.21314741035856574,0.010587844938496738,0.3977224986310682,0.08951817358267859
115,0.2101593625498008,0.006634177887690185,0.39678225631751957,0.10037166424253562
533,0.20717131474103584,0.012892237833093335,0.3928353292505811,0.061130582132989456
212,0.20617529880478086,0.004272577953534523,0.405163293717105,0.10469716589497606
83,0.20219123505976094,0.005692098145988223,0.3928353292505811,0.08269727441189433
96,0.20119521912350596,0.010283812073512854,0.38297522971434284,0.07287817172469889
424,0.20019920318725098,0.005503382823536633,0.395147485396847,0.08606990045556179
301,0.20019920318725098,0.011379787356608823,0.4029745364281171,0.0737988518298491
6,0.199203187250996,0.012634186064262387,0.3900962101622563,0.054349286196972386
169,0.19820717131474103,0.003954321040834162,0.39237614125613274,0.10099330056644869
280,0.19621513944223107,0.006986627134036533,0.3979582558916675,0.09655541978920254
252,0.19223107569721115,0.004475014263650777,0.37464038933551513,0.07597797881764477
165,0.1902390438247012,0.006024167966114853,0.38297522971434284,0.08259244269643838
405,0.1902390438247012,0.008279057662938773,0.3937569370611396,0.08348024758949771
81,0.17828685258964144,0.005359051800026723,0.3977224986310682,0.09506659758030794
84,0.1752988047808765,0.008106048468921413,0.35920576655390213,0.038688159058973305
44,0.17231075697211154,0.011807492994911286,0.38784262142648357,0.07598362396107178
494,0.17231075697211154,0.00580464865536987,0.3842905424666532,0.06328094709032565
28,0.17131474103585656,0.00548144894212504,0.3932955932567329,0.09620995093489883
256,0.16733067729083664,0.002838960532926479,0.4061437251598567,0.11673839292003729
303,0.16733067729083664,0.0043237625784259565,0.3849515927117219,0.08579343295562271
170,0.16633466135458166,0.0058862703167646534,0.38232094401437533,0.07767346632990102
411,0.16633466135458166,0.008491741767996263,0.3725613638675045,0.05883913137426487
17,0.1643426294820717,0.0048064130837952735,0.3617217552204973,0.04791940624972312
133,0.16334661354581673,0.004686569600485975,0.38363175867956745,0.06864026885761444
473,0.16334661354581673,0.005519343377471875,0.3851724484734613,0.060982764479014906
366,0.16235059760956175,0.005015918803192662,0.3912328541312605,0.0718753766447415
340,0.16135458167330677,0.007198672654265057,0.3919180255045202,0.0851862600816467
419,0.1603585657370518,0.004463648014560342,0.3849515927117219,0.06994623188221995
4,0.1603585657370518,0.005195588745164643,0.3703009253663779,0.06358231397200803
329,0.1593625498007968,0.004589471054345498,0.3851724484734613,0.08545518350648564
2,0.15836653386454183,0.005809963087690161,0.36746337038272747,0.05434567094225615
74,0.1553784860557769,0.005409821342376095,0.3738060009405585,0.05194571477239282
232,0.15338645418326693,0.007572667470009262,0.374222730038597,0.03911828948795834
438,0.15239043824701196,0.0037615430895825497,0.37568862769403644,0.06023705448365482
546,0.14641434262948208,0.0071545605109958775,0.3896433997035654,0.06280825858694256
215,0.1454183266932271,0.006396607037113914,0.3795113497395382,0.057162384842384555
498,0.14442231075697212,0.008340861165414118,0.37276822747875793,0.02935032400438439
113,0.14342629482071712,0.004611977181231954,0.37674274842269534,0.05883963626177363
172,0.14143426294820716,0.0029514377033624762,0.3795113497395382,0.06156800064531759
493,0.14143426294820716,0.00510597316946291,0.37464038933551513,0.06992092817906789
285,0.14143426294820716,0.00421812814315483,0.3733901989372876,0.062391401297840855
137,0.14143426294820716,0.004349609894768019,0.3719421483042898,0.0711106168467711
932,0.13844621513944222,0.0015687180014866684,0.37886883616774436,0.05295986191020065
210,0.13844621513944222,0.002307210147044371,0.3838511021665198,0.08183844502826455
393,0.13844621513944222,0.0046763796814447275,0.3690794819622007,0.053542059678027824
41,0.13745019920318724,0.0030300947187469223,0.3790827654936438,0.06273177345583011
371,0.13745019920318724,0.0020866382161062818,0.38275688579774403,0.07652933326063018
209,0.13645418326693226,0.0040328133974957886,0.37050528570046526,0.055766336988902064
180,0.13545816733067728,0.005699309329917922,0.36968919476279904,0.04922729900523443
404,0.13545816733067728,0.005434935264782965,0.3676646099064858,0.05443387233344729
116,0.1344621513944223,0.002251915306219945,0.3717362002708987,0.05885859990020603
367,0.13346613545816732,0.0020213976077157253,0.3748495687823803,0.07838236353135311
141,0.13247011952191234,0.0069571656361344875,0.37359798424554425,0.03698583136318076
11,0.13147410358565736,0.005079904996539893,0.36016930133543085,0.03363196073801985
269,0.13047808764940239,0.005828167009981129,0.3703009253663779,0.058263534490997436
184,0.13047808764940239,0.004186860503498457,0.38319382288198806,0.06860410207248942
295,0.13047808764940239,0.005008576588952545,0.3578654465294473,0.03885471868346467
290,0.13047808764940239,0.007096726573449755,0.382103345298374,0.06592639797289944
23,0.1294820717131474,0.0029569832741310497,0.36948573345583,0.061908094642288865
173,0.12749003984063745,0.0037353414433309792,0.3765314513119703,0.05920666439763641
14,0.1254980079681275,0.0033574676801420293,0.363091172357622,0.034736287557647696
93,0.12450199203187251,0.0032114656399177687,0.3609438589727113,0.03878271953504623
440,0.12450199203187251,0.005164003857146973,0.375898979669229,0.037493912663655565
474,0.12350597609561753,0.003071084422305576,0.3690794819622007,0.059772012404278665
174,0.12151394422310757,0.0028694059868402642,0.363091172357622,0.05748870059610893
859,0.12151394422310757,0.0018543455405111212,0.3559679627196411,0.055311859189693696
65,0.12151394422310757,0.005845099692772577,0.3609438589727113,0.02939186586072561
412,0.12151394422310757,0.003712469881395381,0.34893741044139454,0.04347696369599089
157,0.12151394422310757,0.0032847542255966837,0.34839417627879765,0.025466348090193217
168,0.12151394422310757,0.002739154790569396,0.37359798424554425,0.048897941924594526
450,0.11852589641434262,0.003452093787995029,0.3664604681709842,0.04645106508125903
19,0.11752988047808764,0.0041991844238619454,0.36806775092612015,0.04554523184305217
80,0.11653386454183266,0.002856882474940475,0.3676646099064858,0.059030964348742165
3,0.11553784860557768,0.0015259853908339241,0.35939806086147913,0.05474926443021367
155,0.11553784860557768,0.003095836321766398,0.37568862769403644,0.04924728817271501
61,0.11553784860557768,0.004743270496417614,0.35805630810092964,0.026821765515570216
20,0.11553784860557768,0.00356069815052802,0.37132498765997957,0.05042341193008915
549,0.11553784860557768,0.003190799936461811,0.34839417627879765,0.029229002651537935
271,0.1145418326693227,0.003117955409572283,0.35748433316786105,0.04464773393473242
46,0.1145418326693227,0.002171563043375194,0.36968919476279904,0.06322391390614676
42,0.1145418326693227,0.0010905842032282412,0.3698928802695554,0.05157167512567792
16,0.1145418326693227,0.0011329826695979635,0.37568862769403644,0.06632329457187702
495,0.11354581673306773,0.003913347963819448,0.36686097141488694,0.05859112683605362
7,0.11354581673306773,0.002955948068233608,0.33992687477936356,0.021764044805944648
167,0.11155378486055777,0.0015178444939590746,0.34183074220429893,0.029039071660298676
57,0.11155378486055777,0.0018797339394578151,0.34481539686144996,0.038620168898563054
409,0.11155378486055777,0.002548117508765728,0.34410844576588573,0.019293090993526045
254,0.10956175298804781,0.0008097640220568549,0.3458812868053803,0.02924578754988612
30,0.10956175298804781,0.0021719117330587,0.3646689721288664,0.052347655646611854
362,0.10856573705179283,0.0021092208629339636,0.38319382288198806,0.05969793015083338
375,0.10856573705179283,0.0036714395458638522,0.36746337038272747,0.04828677899847445
51,0.10756972111553785,0.00299494535176815,0.37153048018220425,0.0462497327047622
89,0.10756972111553785,0.002624023116818721,0.3648671617876321,0.04819779679757833
152,0.10756972111553785,0.0015392882338493852,0.3723547297222646,0.06288881949676749
300,0.10756972111553785,0.002190436131204822,0.3569141827162377,0.03790577847641867
132,0.10756972111553785,0.001477371314712019,0.3660608384347018,0.05882453806358793
342,0.10756972111553785,0.002377022907218294,0.3453475193874707,0.025249031027628547
459,0.10657370517928287,0.00321062672880459,0.3676646099064858,0.04361569812446632
856,0.10657370517928287,0.002883458416576612,0.3603626289260564,0.04490463646322072
145,0.10557768924302789,0.0027956385322191273,0.3723547297222646,0.052505093634617445
417,0.10557768924302789,0.002349717221926615,0.3569141827162377,0.03982669844828319
231,0.10458167330677291,0.0059993900873263626,0.34078963334479345,0.02379570739777774
305,0.10358565737051792,0.000962691114876101,0.3402714534664182,0.03653282816678964
518,0.10358565737051792,0.0010228625264051472,0.374222730038597,0.06823193819453946
971,0.10159362549800796,0.003220096162867151,0.27707617733769835,0.007624942022099367
455,0.10159362549800796,0.0012665096446640052,0.33685678760122584,0.03206292345886401
222,0.10059760956175298,0.0013711166540562006,0.36447099765974106,0.047012871579283105
191,0.10059760956175298,0.007192355367850817,0.3586301162869888,0.031987273824438035
486,0.10059760956175298,0.0013938397019847284,0.3578654465294473,0.038550988653214706
263,0.10059760956175298,0.002136184347014273,0.3588217945960679,0.04379170505658377
506,0.099601593625498,0.004912098475385619,0.36133238842262816,0.03493312698960124
281,0.099601593625498,0.000736911050132087,0.3557793204500493,0.04583529418369189
69,0.09860557768924302,0.003353745525349836,0.3478526309270689,0.032746539804567584
40,0.09860557768924302,0.0014083297964599228,0.33821439682077736,0.027428384868743164
338,0.09760956175298804,0.0009407497830729539,0.35748433316786105,0.05141876499507862
206,0.09661354581673307,0.0024144212538895217,0.35297348984713095,0.028370124953547207
181,0.09661354581673307,0.0018330244188519082,0.34481539686144996,0.025509030051055787
189,0.09661354581673307,0.0034988612053195754,0.36368124468539714,0.04121258124974458
233,0.09661354581673307,0.0010652556154416494,0.3588217945960679,0.04948432005268488
221,0.09661354581673307,0.001331403247882122,0.36055616417252584,0.04604088247602154
812,0.09661354581673307,0.0026700995292731353,0.3471331839137762,0.03638230238201387
426,0.09561752988047809,0.002120314649087093,0.36447099765974106,0.04141711005876376
218,0.0946215139442231,0.0015482417921791197,0.3565350917096352,0.03336056019338663
35,0.0946215139442231,0.0016579602051547443,0.36506556698708165,0.04775146563123198
48,0.0946215139442231,0.0019177338040683807,0.33022901017670586,0.026402153059266475
27,0.09362549800796813,0.0018199660739655174,0.3464167067539954,0.0339697847163824
520,0.09362549800796813,0.0015211499198440055,0.348575066297634,0.03698430492634299
318,0.09362549800796813,0.0009501111763758153,0.3625030117112544,0.04497666754072796
12,0.09362549800796813,0.004528243989941226,0.3554026350922409,0.031383414803034616
131,0.09362549800796813,0.000888294453015763,0.35465165223943107,0.04779335051479758
526,0.09262948207171315,0.0019753335405170843,0.36269885342476665,0.036044028718380965
162,0.09262948207171315,0.0015939788501122304,0.36968919476279904,0.04507304425659383
226,0.09262948207171315,0.0012574477232949284,0.3623073813757383,0.042762217087075775
29,0.09163346613545817,0.0012768497153847168,0.35824737336672524,0.03737255315184883
201,0.09163346613545817,0.0010110827197589108,0.3621119620761829,0.03969385002569763
427,0.09163346613545817,0.0010280179606252887,0.35978326778630393,0.050586870979428086
365,0.08964143426294821,0.0005180235527697298,0.39607998683731155,0.08380512229408171
60,0.08864541832669323,0.0011060656048689336,0.32511165989793855,0.01858129218542543
255,0.08864541832669323,0.0010987813048742377,0.3609438589727113,0.052093458257262804
351,0.08864541832669323,0.001212761434298888,0.35334504088907526,0.034083941931831785
296,0.08864541832669323,0.0007091488413869775,0.3709146838062117,0.05749896420773128
59,0.08764940239043825,0.0008965673808674853,0.3330136794093468,0.029990689224697713
408,0.08764940239043825,0.001599903960781842,0.3336757344379936,0.03011410103652017
615,0.08764940239043825,0.0018890169560782937,0.35559087801337025,0.032218902964002684
54,0.08764940239043825,0.0004487101377269994,0.33787396964732913,0.033161714511339035
321,0.08764940239043825,0.003018937125067468,0.34130939384303155,0.01825447344251425
187,0.08764940239043825,0.00048515954880063827,0.35939806086147913,0.04904668891462596
339,0.08665338645418326,0.0007982054197451326,0.33872632577661105,0.029297653381926844
243,0.08565737051792828,0.0018367273530450247,0.3434043875648302,0.037227249357207594
358,0.08565737051792828,0.0012061325219920138,0.3230777563470852,0.014800811113643743
179,0.08565737051792828,0.002020175682398082,0.35094384615224417,0.03219849092712452
223,0.08565737051792828,0.0009695469518471047,0.3572940807287084,0.0341178357960473
18,0.08565737051792828,0.002278272508971069,0.35978326778630393,0.036486452755396095
509,0.0846613545816733,0.003983983497662855,0.3496643633798141,0.037126529853278585
443,0.0846613545816733,0.003728330374923256,0.324954297042228,0.02591660191328728
809,0.0846613545816733,0.0010221024845313163,0.34044400491340926,0.03202693762182355
379,0.08366533864541832,0.0023823959248350786,0.34358013187781117,0.021043089032170885
214,0.08366533864541832,0.001024102505437951,0.3623073813757383,0.03887046443573734
143,0.08366533864541832,0.0008686834816309568,0.3576747883267145,0.039548412896177124
177,0.08266932270916334,0.0027501278403015217,0.3390684735804258,0.017902498839810835
363,0.08266932270916334,0.0005199721161035342,0.3565350917096352,0.047349288251795026
430,0.08266932270916334,0.0025833604823783793,0.36686097141488694,0.03588302650048452
245,0.08167330677290836,0.0008517399684983995,0.35149506685300685,0.04152554491693452
147,0.08167330677290836,0.00034428558516509254,0.35672453649800373,0.04306729552913953
47,0.08167330677290836,0.0008368947350686399,0.3557793204500493,0.03292099369920732
355,0.08167330677290836,0.0003161403220131113,0.36055616417252584,0.05705363459702907
199,0.08067729083665338,0.0011577825395283508,0.3471331839137762,0.028205739684155174
258,0.08067729083665338,0.0035598473195984593,0.34113596427298937,0.028666205353929747
236,0.08067729083665338,0.0007171535674739082,0.3603626289260564,0.04971344188335787
158,0.08067729083665338,0.0012944505153234325,0.3480329588850405,0.03797592407181771
320,0.0796812749003984,0.0016189559693179925,0.3446383869041289,0.022799632004222997
31,0.0796812749003984,0.0004385564337422742,0.340962710862998,0.03458657599779288
15,0.0796812749003984,0.002176961909860337,0.3496643633798141,0.030862929823515548
357,0.0796812749003984,0.0006117533416170089,0.35297348984713095,0.04341816428768485
685,0.0796812749003984,0.0004498992366473317,0.32797048250573674,0.02547595587753086
213,0.07868525896414343,0.0014072510053734074,0.3143050457346644,0.011017021474960705
163,0.07868525896414343,0.001551383209383984,0.3599761810666183,0.04325111216172064
560,0.07868525896414343,0.003149511342370895,0.33787396964732913,0.018901222546168082
466,0.07768924302788845,0.003379337130025205,0.33975484700872627,0.015140177655413051
499,0.07768924302788845,0.001336173332971978,0.3115339107606696,0.010383929859991377
56,0.07768924302788845,0.0003466715107247475,0.3289346289511235,0.028154569044702947
460,0.07768924302788845,0.0008580231746451485,0.3569141827162377,0.03808335069463118
458,0.07768924302788845,0.0013976612860022886,0.36506556698708165,0.039300722962958425
278,0.07768924302788845,0.0009279530492202083,0.35843864265309294,0.03690905231880335
376,0.07768924302788845,0.0023276019836226958,0.34044400491340926,0.020578950642260486
164,0.07768924302788845,0.0018309470230704348,0.33958299326719427,0.02671158941508423
531,0.07669322709163347,0.0007622852628140263,0.35260271937460247,0.04915999404010881
272,0.07669322709163347,0.0017103062248061821,0.3423536857160852,0.023989108080462285
361,0.07669322709163347,0.000367860645344455,0.3449925887406182,0.034324366477504975
368,0.07669322709163347,0.0017053441983209568,0.3559679627196411,0.028048601732331233
314,0.07669322709163347,0.0011007418087695842,0.348575066297634,0.031819387895941305
481,0.07669322709163347,0.0008634786681036975,0.34130939384303155,0.031094985087037376
68,0.07669322709163347,0.0005683141988119506,0.3539038364202652,0.042839825853554336
464,0.07569721115537849,0.0016706964327382473,0.3621119620761829,0.04099306388196561
356,0.07470119521912351,0.00046798157691928114,0.3569141827162377,0.05038898411191195
95,0.07470119521912351,0.0015074878770997301,0.3458812868053803,0.023615114168696646
234,0.07470119521912351,0.0013250947376629973,0.3465955486263516,0.029940377743226984
10,0.07470119521912351,0.0011768217706920802,0.36016930133543085,0.03378143870617844
92,0.07470119521912351,0.002632512592866353,0.3557793204500493,0.023562734668480894
45,0.07370517928286853,0.0015682358791597197,0.34044400491340926,0.030163124044515977
441,0.07370517928286853,0.0013257390194125222,0.35521459136996986,0.03667295271671211
513,0.07370517928286853,0.0010113561136702676,0.3569141827162377,0.03518916747365328
103,0.07370517928286853,0.0006953926471673315,0.34875614425415224,0.023891201770566885
286,0.07370517928286853,0.0003366880453642992,0.343756056164487,0.03673047716975821
194,0.07370517928286853,0.0004393444447507428,0.3400990768435882,0.030761990135799614
284,0.07270916334661355,0.0009136982061696886,0.3480329588850405,0.02356979350615902
238,0.07270916334661355,0.0024227792447434953,0.34930050868326906,0.021089957618147987
482,0.07270916334661355,0.0013661131003379183,0.3446383869041289,0.021762177902403014
661,0.07270916334661355,0.0014420478065487402,0.3338416597161825,0.023222799685666907
963,0.07171314741035856,0.0010000095246732734,0.34446155858863164,0.02965938678900178
612,0.07171314741035856,0.001167346656233616,0.3559679627196411,0.04021580433114647
261,0.07171314741035856,0.0007528633113371611,0.35409049456183705,0.03733399222295522
100,0.07171314741035856,0.002414155846381679,0.34893741044139454,0.02293156326663935
108,0.07171314741035856,0.002500338451194698,0.34130939384303155,0.023874860239389718
154,0.07171314741035856,0.0004564319064231203,0.36626054429309496,0.041937405543474394
401,0.07071713147410358,0.0024409911298262986,0.34287823171054294,0.030382762386149998
390,0.07071713147410358,0.000613830433286686,0.32861261756693244,0.014399011306382565
151,0.07071713147410358,0.000611706908855775,0.34044400491340926,0.03260408511149694
0,0.07071713147410358,0.0015379486160766536,0.3400990768435882,0.017773260921802845
306,0.0697211155378486,0.004763463000669386,0.35521459136996986,0.026036024070906705
182,0.0697211155378486,0.000654484872596629,0.3035061381958603,0.009404588687916986
55,0.06872509960159362,0.0011731330431654125,0.33992687477936356,0.027619949227877895
153,0.06872509960159362,0.00034250584272191986,0.34481539686144996,0.03335422565310753
422,0.06872509960159362,0.0005918480582217179,0.35353110989428277,0.0340021137887455
94,0.06872509960159362,0.000621612883604179,0.34044400491340926,0.019640777831551926
309,0.06772908366533864,0.0007518675472048436,0.3340077500941508,0.015104215623744713
38,0.06772908366533864,0.0015391850402530763,0.32370085713078256,0.018841518331135277
79,0.06772908366533864,0.0012212034582221535,0.35805630810092964,0.03457964984143132
448,0.06673306772908366,0.0010808312110341266,0.3331789467440412,0.02000607287387853
504,0.06673306772908366,0.001156537158526921,0.33787396964732913,0.017112213606087858
124,0.06573705179282868,0.0018052396892097697,0.3308800284323524,0.0192117741223913
483,0.06573705179282868,0.001112876764197112,0.34481539686144996,0.021964140129419073
480,0.06573705179282868,0.00044710135652001977,0.3522327270142933,0.031886828245775704
423,0.06573705179282868,0.0005957484364296589,0.3439321607014565,0.023182580408831095
337,0.0647410358565737,0.00044823718666119235,0.3494823413270396,0.03370389757430661
452,0.0647410358565737,0.001395818462155621,0.3206091583998295,0.010972826368642543
159,0.0647410358565737,0.0010220908381439143,0.34911886515301255,0.030642238879230618
171,0.0647410358565737,0.0004612590231714218,0.3421791935215306,0.02779688108749345
265,0.0647410358565737,0.0006355457433112842,0.31009495505276813,0.009507399403687831
593,0.06374501992031872,0.0008544306457570607,0.3446383869041289,0.022602615211051884
515,0.06374501992031872,0.0010573321785695053,0.3464167067539954,0.023540814473604246
139,0.06374501992031872,0.0010417321062292759,0.34183074220429893,0.021855393171759125
353,0.06374501992031872,0.0023234612444376934,0.343756056164487,0.025861084497500277
380,0.06274900398406374,0.0014090916660337617,0.3350077732980255,0.017180029102997922
543,0.06274900398406374,0.002273478622183915,0.34078963334479345,0.028940423739641608
251,0.061752988047808766,0.00031553759724388457,0.33992687477936356,0.025903962226594666
421,0.061752988047808766,0.0009560139576563255,0.3648671617876321,0.027929096863005654
140,0.061752988047808766,0.0012147776387733864,0.33736461190414224,0.019615201087670262
389,0.061752988047808766,0.0006898264530038757,0.33770401292215446,0.018493088430895383
525,0.061752988047808766,0.0005994504146285515,0.3207623400330832,0.012466473039377651
397,0.060756972111553786,0.0016206090539553032,0.33434042713607726,0.01546361314535338
323,0.060756972111553786,0.001010961120833022,0.33975484700872627,0.01885964401228373
36,0.060756972111553786,0.00022705031684669487,0.3569141827162377,0.04063490683681697
85,0.060756972111553786,0.001765973696624536,0.3383848677869169,0.019161911600491868
24,0.060756972111553786,0.0011640216612631405,0.3289346289511235,0.020165570639453213
395,0.060756972111553786,0.0005765992488997689,0.35131113432194827,0.029298399520165684
569,0.060756972111553786,0.0008733660514531129,0.3075380566602121,0.01215735173913974
195,0.05976095617529881,0.0002679860067973255,0.3270119715972933,0.022946600713428168
552,0.05976095617529881,0.00010828195912321865,0.3360138026472688,0.03232889141559685
316,0.05976095617529881,0.00215598067732616,0.340962710862998,0.019742472403149774
264,0.05976095617529881,0.0007179594548536073,0.3308800284323524,0.011960677851786145
8,0.05976095617529881,0.0007501980829180883,0.33975484700872627,0.018658423538201734
188,0.05976095617529881,0.0002268099996090058,0.34930050868326906,0.031047587383644545
373,0.05976095617529881,0.0006939319633544112,0.3385555106854478,0.022745272963288543
478,0.05976095617529881,0.0007780109693350767,0.33975484700872627,0.02442989104959329
268,0.05876494023904382,0.0005571992009700953,0.34446155858863164,0.022128520114005668
138,0.05876494023904382,0.000506167761018862,0.3328485759490546,0.023175115167188162
208,0.05876494023904382,8.347779177374637e-05,0.35204802186116574,0.04623205974342811
161,0.05876494023904382,0.0010350344342538642,0.3464167067539954,0.030328098663566918
537,0.05876494023904382,0.0012537142815342078,0.3305541987637829,0.01004606355261462
707,0.05776892430278884,0.0007456666859383834,0.32030323363036406,0.00953887737042153
288,0.05776892430278884,0.0007728907608636524,0.3421791935215306,0.025355922741548104
53,0.05776892430278884,0.0005893712412100189,0.3478526309270689,0.0228504276908359
592,0.05776892430278884,0.0010663468101880975,0.3189337661231558,0.01032352247464643
400,0.05776892430278884,0.0005395928749887597,0.35353110989428277,0.025687034591937496
387,0.05776892430278884,0.0005563698937296375,0.2998461713663435,0.008616862698622645
429,0.05776892430278884,0.0007311413772507333,0.3297424251911803,0.016779670442259823
253,0.05776892430278884,0.000360443568414927,0.3360138026472688,0.02823907819745271
326,0.05776892430278884,0.001176089561326092,0.35710403068576757,0.03785292209491108
9,0.05776892430278884,0.0004775656349903327,0.285076678424307,0.006166702338895824
747,0.05677290836653386,0.0005516569072739202,0.33958299326719427,0.023876950663713644
308,0.05677290836653386,0.0004778292520138966,0.3607499074095879,0.03656710805126254
529,0.05677290836653386,0.0011050963981728697,0.328130780884283,0.013695000066537264
489,0.05677290836653386,0.0005231515646048719,0.34516996282223295,0.02941350100575801
123,0.05677290836653386,0.00047702572359066477,0.3457031810964177,0.026736615766955008
394,0.05677290836653386,0.00028453034425689894,0.3247970864485937,0.014392561439025928
490,0.055776892430278883,0.0002945228437273146,0.3554026350922409,0.039375921475117676
292,0.055776892430278883,0.0004904120234575202,0.3442849116355093,0.026191048165328055
738,0.055776892430278883,6.846447323415096e-05,0.3240133096955806,0.025339225780685128
437,0.055776892430278883,0.0002738811130965147,0.3187823255884345,0.019209753734756866
135,0.055776892430278883,0.00023718802853324564,0.33635048982427007,0.025216040706385782
178,0.055776892430278883,0.0006238418956981457,0.3189337661231558,0.011917833462737575
275,0.054780876494023904,0.0016181209583192321,0.33434042713607726,0.01685903860768408
197,0.054780876494023904,0.0003970909084146814,0.34930050868326906,0.022499440119827126
327,0.054780876494023904,0.0038379893450564686,0.3548391002585851,0.02609491223846951
190,0.054780876494023904,0.00024030320079754383,0.3496643633798141,0.031077115284922796
91,0.053784860557768925,0.001328449871956741,0.3402714534664182,0.021739103320803862
200,0.053784860557768925,0.0004912071735503064,0.33551003382770767,0.018188762555913063
176,0.053784860557768925,0.0006176946118510481,0.3226120027338986,0.012895763022505974
950,0.053784860557768925,0.0003795806653489477,0.36968919476279904,0.03351604401064032
311,0.053784860557768925,0.0004221256425052969,0.3212227644446139,0.018359174357831992
32,0.052788844621513946,0.00012094758871778954,0.315634968354134,0.02110294682532318
150,0.052788844621513946,0.0003649346177388418,0.3375342270936365,0.018571961472625177
229,0.05179282868525896,0.0013908013241226188,0.3414829998419344,0.024716976479531014
37,0.05179282868525896,0.00024025422986940245,0.3113894145126359,0.01269076861668857
845,0.05179282868525896,0.0004388305048716264,0.3159320365596438,0.02035729140761481
447,0.05179282868525896,0.0008347578813995535,0.31081276744872366,0.00991592660022601
198,0.05179282868525896,0.0012763841842419416,0.3300666556977596,0.016544983840976007
250,0.05179282868525896,0.0007894187617263084,0.3331789467440412,0.01593381360235672
381,0.05179282868525896,0.001263344080727349,0.32183872372446937,0.011836687831929251
336,0.05179282868525896,0.0003208423049137695,0.3390684735804258,0.02419653313497411
73,0.05179282868525896,0.0006033621933388051,0.3143050457346644,0.010415266086832244
126,0.05079681274900398,0.00021736275728692254,0.31504250478143736,0.0200799351426962
26,0.05079681274900398,0.00011886437984594752,0.3020043084522011,0.01634771056623637
581,0.05079681274900398,0.00042880102791157976,0.33992687477936356,0.01768218654269885
118,0.05079681274900398,0.0004659873476460798,0.33417400581843854,0.01737753740548792
562,0.05079681274900398,0.0004078006469205484,0.3449925887406182,0.018381276467861255
601,0.049800796812749,0.0005094802943410433,0.36626054429309496,0.035441048365237454
1,0.049800796812749,0.0,0.3529061520044625,0.03268171743854737
266,0.049800796812749,0.00044701812199197797,0.3115339107606696,0.007491728928092855
359,0.049800796812749,0.00017827442246372497,0.28544029663658294,0.005626697531109954
25,0.049800796812749,0.00023433930227302854,0.34113596427298937,0.023032089274596584
242,0.04880478087649402,0.0015785698234048867,0.3361820619375278,0.021868098689803363
418,0.04880478087649402,0.0001623400886602416,0.336687852401827,0.024173903878558906
444,0.04880478087649402,0.00013251444941674037,0.3241697622835553,0.016031534942376052
508,0.04880478087649402,0.00020899005273342076,0.3289346289511235,0.020838095773119344
196,0.04880478087649402,0.0001377969101254966,0.3321897959867605,0.017860726323406278
548,0.04880478087649402,0.00029541637717051287,0.3388973133211727,0.0252669062984844
607,0.04880478087649402,0.00017163547549589624,0.33434042713607726,0.02373577233613833
698,0.04780876494023904,2.9790032541352704e-05,0.2981152654037491,0.016194914380535236
88,0.04780876494023904,0.0016327844012371392,0.3383848677869169,0.027088852418348252
370,0.04780876494023904,0.0010369004733503653,0.28556170892779376,0.006302486406793706
149,0.04780876494023904,0.0005089888069840383,0.33334437819724083,0.013259653330824458
304,0.04780876494023904,0.0003605733541094319,0.33417400581843854,0.025700414088052192
216,0.04780876494023904,0.0002915609584299548,0.3340077500941508,0.01824306806415062
259,0.04780876494023904,0.0004984679826735978,0.3271713341565512,0.01444778204675629
310,0.046812749003984064,0.00022854154144915398,0.3423536857160852,0.02292871548030734
237,0.046812749003984064,0.00034308715194858387,0.3308800284323524,0.018240860193204332
273,0.046812749003984064,0.0002651590502154701,0.3033689912739463,0.011889032583471399
39,0.046812749003984064,0.00012253526247655623,0.31817799890485454,0.02092360124599309
34,0.046812749003984064,0.00014547199730437164,0.3068352731669301,0.014479524237072343
492,0.046812749003984064,0.00024583743954339495,0.3388973133211727,0.026389537862345696
193,0.046812749003984064,0.00012170211025751089,0.31742580505401563,0.017572918516853595
425,0.046812749003984064,0.0009881040439982671,0.3226120027338986,0.01316058331487208
655,0.046812749003984064,0.00034761158607633986,0.3356777888446215,0.020797361503549196
413,0.046812749003984064,0.00013622295672062064,0.32765035514360324,0.01659327186610448
896,0.046812749003984064,0.0003507308643513224,0.33484068712680454,0.020464656920929872
547,0.046812749003984064,0.00010532134240531973,0.3082440668912962,0.01823076629491703
104,0.045816733067729085,7.513857329397418e-05,0.32925727203984456,0.017420276618016994
880,0.045816733067729085,0.00010492161950152887,0.3284518481845612,0.0241582637527647
204,0.045816733067729085,0.0001904171644811297,0.32637607082607833,0.015300644991955818
346,0.045816733067729085,0.00024460564296003694,0.341656782539055,0.020195385199719234
748,0.044820717131474105,0.002366707493398751,0.33958299326719427,0.023623105493891242
485,0.044820717131474105,0.0002976801706893376,0.32276710465828995,0.016305048483008268
244,0.044820717131474105,0.00034621635525870217,0.32781034066857573,0.019211737507320067
428,0.043824701195219126,0.00015807940182606547,0.32091566811149286,0.013117052500500303
917,0.043824701195219126,0.00014602178910692184,0.29998015088884855,0.009329078382488504
90,0.043824701195219126,0.0004911276775215776,0.34183074220429893,0.019550668481612476
445,0.043824701195219126,0.00032166053922164914,0.3449925887406182,0.024461065379254594
101,0.043824701195219126,0.0005142058577960186,0.3169761934321261,0.01192684000919506
66,0.043824701195219126,0.00059167824143602,0.32370085713078256,0.013786007926227207
457,0.043824701195219126,0.0002729122534284253,0.3361820619375278,0.016441145793279592
608,0.043824701195219126,0.00020945168479825568,0.29176687426738074,0.005428979563305833
568,0.043824701195219126,0.00016418526989547973,0.3271713341565512,0.022118819500466926
453,0.043824701195219126,0.00030091215636531937,0.3353424463982233,0.02723101699439329
291,0.043824701195219126,0.0001314939454845267,0.33104318426491275,0.017124200552384384
847,0.043824701195219126,0.00026453151387315717,0.31240371227977803,0.015144458622246988
360,0.04282868525896414,0.0005407681471182696,0.3268527642109265,0.015969016377436942
832,0.04282868525896414,8.778347341641571e-05,0.3115339107606696,0.016158737371138054
700,0.04282868525896414,0.00025703953313723675,0.288879336355096,0.005870960541938113
97,0.04282868525896414,0.00035677203682996697,0.3147471062771885,0.010228294132817069
262,0.04282868525896414,0.0010344447488796877,0.3340077500941508,0.012762509619117535
225,0.04282868525896414,0.00013571541771792133,0.3315336186119719,0.017807884635565298
654,0.04282868525896414,0.00023602164526440131,0.3505773251640956,0.030431607913760372
372,0.04282868525896414,0.0002543481221474796,0.33872632577661105,0.022943686024771304
665,0.04183266932270916,0.0001110127829864315,0.32183872372446937,0.02012090010551813
776,0.04183266932270916,0.00024656194539432935,0.3226120027338986,0.012266149931191777
544,0.04183266932270916,0.0020477700595238953,0.3434043875648302,0.02949516022013695
611,0.04183266932270916,0.0020781567905434365,0.35353110989428277,0.023833907963258797
125,0.04183266932270916,0.0006231561220168517,0.32511165989793855,0.013007518395117297
462,0.04183266932270916,0.0035086170843107644,0.3375342270936365,0.025656979739117045
136,0.04183266932270916,3.867254275355198e-05,0.32909587141629565,0.023428616737183456
322,0.04183266932270916,0.0006591953522492115,0.2934246405984454,0.007240195905742501
754,0.04083665338645418,0.00042080742420289355,0.31832886566583357,0.010438935861354921
590,0.04083665338645418,0.0002100093758334314,0.3201504900759385,0.016375999653909356
828,0.04083665338645418,0.0002333061351736141,0.3390684735804258,0.024505264039745834
33,0.04083665338645418,0.00014181231590066725,0.31313226571326636,0.015713105596391816
122,0.04083665338645418,0.00025773114562024094,0.29497169494254966,0.008430103941305134
312,0.04083665338645418,0.0004849370363361875,0.3430534377563838,0.016841731931398124
345,0.04083665338645418,0.0001159875725741589,0.32621748187038047,0.013939810366369949
332,0.04083665338645418,0.0003308610243875531,0.281963703355415,0.004501587048819459
207,0.04083665338645418,0.00015876634634256627,0.34287823171054294,0.02221190979194555
205,0.04083665338645418,0.0002118962794211248,0.3385555106854478,0.01648838951666168
335,0.04083665338645418,0.0005661653973929393,0.2872723909667279,0.00637360578178882
908,0.04083665338645418,0.0001717212666499219,0.2948421509395007,0.008269740836356784
406,0.04083665338645418,0.00016301431637836755,0.31802727507780343,0.00887437560592668
826,0.0398406374501992,5.828752591826904e-05,0.31533845828522455,0.015700586299515335
52,0.0398406374501992,0.0016672599912973941,0.3190853506127581,0.010356420468617811
134,0.0398406374501992,0.0016555986210412045,0.3297424251911803,0.012490224679155643
99,0.0398406374501992,0.00024623044660592884,0.33334437819724083,0.022030907944161227
918,0.0398406374501992,0.0001414475224241073,0.30995179025357483,0.009055078538168882
667,0.0398406374501992,0.00014516652408797895,0.3358457117004718,0.020008397796930043
446,0.03884462151394422,0.00013812554038632904,0.32106914284516647,0.01123416874670769
388,0.03884462151394422,0.00011581133190583637,0.32925727203984456,0.01645851311239111
146,0.03884462151394422,0.0004166364024504292,0.3075380566602121,0.006338042785029336
550,0.03884462151394422,6.61466114064079e-05,0.3442849116355093,0.03037380718561498
302,0.03884462151394422,0.00011220301688963105,0.3432288229495108,0.023012175402152557
331,0.03884462151394422,0.00034420242123565285,0.3172757928588105,0.009695900488458722
756,0.03884462151394422,0.0009137580080713324,0.3294188310545844,0.01420750728615041
203,0.03884462151394422,0.0,0.35051668326693225,0.0360724541964447
98,0.037848605577689244,0.0005133713663417438,0.32030323363036406,0.013836525113885235
352,0.037848605577689244,0.00019484603756305028,0.3213765331207482,0.01159240083320373
186,0.037848605577689244,0.000131986741600373,0.33104318426491275,0.018624154905115174
299,0.037848605577689244,0.0004507470280606479,0.3119682052459308,0.0102484400305886
325,0.037848605577689244,0.0011645734451102739,0.33975484700872627,0.02016889002526618
823,0.037848605577689244,0.00021916801437541546,0.27616436762206625,0.0046899711612785324
467,0.037848605577689244,8.089730856339956e-05,0.3356777888446215,0.022441645571187354
461,0.037848605577689244,0.00015500468419766075,0.28459329278899664,0.0064951790663524125
470,0.037848605577689244,0.0003091437167367909,0.3201504900759385,0.013468290897391039
235,0.037848605577689244,0.0001451170044730677,0.31110082376702647,0.013299011998531209
294,0.037848605577689244,0.0001755500438702856,0.3316974198069383,0.01536495925882898
949,0.037848605577689244,4.661681442505017e-05,0.3036434091765007,0.012262678884536533
720,0.036852589641434265,0.0001856964448112551,0.300248469449572,0.005046684708692501
156,0.036852589641434265,0.0007238235292612292,0.32542684328126176,0.010861682239798423
317,0.036852589641434265,6.779960649872744e-05,0.3007865491439261,0.00962901371781718
860,0.036852589641434265,0.00014922904721287062,0.2940672701223141,0.010878648628974271
407,0.03585657370517928,0.00019822295739623433,0.3020043084522011,0.008557833521189658
671,0.03585657370517928,7.517147585613542e-05,0.31622966447915357,0.021033400542770364
433,0.03585657370517928,0.00017173011792567724,0.3090955698385097,0.010873329735132425
496,0.03585657370517928,0.00045916353621645547,0.3259007658685646,0.010470454488025882
900,0.03585657370517928,0.00031623740209630534,0.3289346289511235,0.01863406912355862
127,0.03585657370517928,0.00035029008519971193,0.3350077732980255,0.017033349530622112
248,0.03585657370517928,0.0001901349768133124,0.3119682052459308,0.011063240202895659
350,0.03585657370517928,0.001011773508037797,0.30488445853280793,0.007359035420159189
347,0.0348605577689243,0.0002678396660907912,0.3336757344379936,0.014478099966748984
681,0.0348605577689243,0.00042690902150563294,0.3273308521156719,0.01184837474270181
241,0.0348605577689243,0.00022540059447777143,0.3037808043842729,0.010927100830253745
572,0.0348605577689243,0.0007306790910033448,0.340616731450656,0.01611155059846705
76,0.0348605577689243,0.00011386590504653263,0.3119682052459308,0.013575283460178037
130,0.0348605577689243,0.0,0.3404107394398128,0.023361354191742664
102,0.0348605577689243,0.0011164858357921555,0.2973231079226054,0.008340493519882829
192,0.0348605577689243,8.957198438327708e-05,0.2973231079226054,0.010472386030586282
589,0.0348605577689243,6.0640174488681156e-05,0.3266937117709212,0.01975651595849127
240,0.0348605577689243,0.00011686422319281498,0.32030323363036406,0.014462633555026036
602,0.0348605577689243,0.00028241027005348085,0.3178766939816492,0.009696996099682128
260,0.0348605577689243,0.00020063663568526115,0.30214022398255763,0.009322850927644958
77,0.0348605577689243,0.00016139857923529858,0.32464002789615237,0.021392017541895063
217,0.03386454183266932,0.0011672133677824066,0.30543929831175753,0.008732793340612301
287,0.03386454183266932,0.00018743751778490524,0.3240133096955806,0.014499421295198628
230,0.03386454183266932,0.0022613115682909154,0.3390684735804258,0.0220864651961909
588,0.03386454183266932,0.0002253402783978545,0.312113239279053,0.014207558035864274
564,0.03386454183266932,0.0008505698672922849,0.2584124625439735,0.0013155303512881688
981,0.03386454183266932,2.6942817415351373e-05,0.2897520835948395,0.007558391981545724
484,0.03386454183266932,0.00016653624689593938,0.3361820619375278,0.015718653197922306
922,0.03386454183266932,0.000661562563431634,0.31371755966787057,0.008795973704734632
349,0.03386454183266932,0.00030614896943009833,0.32605904695932153,0.009773598587659003
502,0.03386454183266932,0.0001417066021967103,0.2986457196126526,0.0058505796193163
385,0.03386454183266932,7.188666051730266e-05,0.3207623400330832,0.011833839895925059
695,0.03386454183266932,0.0001846294262981745,0.31622966447915357,0.011254669278220377
343,0.03286852589641434,0.00012002429426793172,0.3328485759490546,0.018056092684921338
545,0.03286852589641434,0.0001601956057320385,0.3169761934321261,0.0157412908042623
914,0.03286852589641434,6.408872647191222e-05,0.3090955698385097,0.014722615303644156
976,0.03286852589641434,1.653361586780876e-05,0.2907559886051291,0.00765242488646574
699,0.03286852589641434,0.00027086632071023287,0.28459329278899664,0.005073576133782668
666,0.03286852589641434,0.00024690265981279247,0.3265348140511883,0.012157580098697702
297,0.03187250996015936,0.0010613094169794812,0.312113239279053,0.007907027246174364
431,0.03187250996015936,0.00017544010858618018,0.33484068712680454,0.02108692185884506
573,0.03187250996015936,9.115809068985613e-05,0.3241697622835553,0.011957973529116334
542,0.03187250996015936,3.9503563755144175e-05,0.29824770221645625,0.009639838803454901
185,0.03187250996015936,0.0001749236115499154,0.271803877606981,0.0028499607902174083
500,0.030876494023904383,2.754196803420143e-05,0.2807844323250703,0.004783289631991239
378,0.030876494023904383,2.3345837782250984e-05,0.30966585686773207,0.011891850201970824
334,0.030876494023904383,4.5102087606145086e-05,0.2827951043341378,0.00495708549702349
777,0.030876494023904383,0.0011023014211558673,0.3089533261340281,0.008060284412883003
293,0.030876494023904383,6.0390565898688156e-05,0.2998461713663435,0.008937327821660793
274,0.030876494023904383,0.00010973073407495807,0.32183872372446937,0.01420952115403875
913,0.030876494023904383,0.00035466432499774874,0.30599616120749457,0.0077683417733771356
570,0.029880478087649404,2.0484898569411555e-05,0.27268707460976566,0.0036853814865350767
822,0.029880478087649404,0.0002644615495194736,0.31742580505401563,0.008382294821670926
510,0.029880478087649404,0.00013535535971326415,0.30852737945277714,0.008517978266516978
442,0.029880478087649404,4.302850712901176e-05,0.3020043084522011,0.014289775801398197
257,0.029880478087649404,5.871431550661135e-05,0.3083856581025462,0.009732017630927643
511,0.029880478087649404,0.00038472357984579053,0.3350077732980255,0.011703339465699724
690,0.029880478087649404,0.0001239109685562927,0.33736461190414224,0.015490476868884608
75,0.029880478087649404,0.00010505794552865026,0.29419613395672356,0.007633883695693085
563,0.029880478087649404,0.00047166878868375314,0.3226120027338986,0.00981757110071374
579,0.029880478087649404,7.508553224138351e-05,0.2958817001715483,0.006013124978772904
307,0.029880478087649404,0.00014920152379325477,0.2960121594749749,0.005626601738752512
566,0.029880478087649404,4.812548528138732e-05,0.27949857522449756,0.004037858482367061
815,0.029880478087649404,4.249473804576416e-05,0.29998015088884855,0.00912300891188507
277,0.029880478087649404,5.342815178796865e-05,0.3068352731669301,0.008114587736668934
557,0.029880478087649404,7.67153928662557e-05,0.3318613829408023,0.015651062172725206
148,0.02888446215139442,0.00012667413591639458,0.32168451254875086,0.010055796290517125
892,0.02888446215139442,0.00026763275832538416,0.32045612300202536,0.011613569522867675
936,0.02888446215139442,0.0009850253122742514,0.2927848136455487,0.0033869402781364585
933,0.02888446215139442,0.00012498137195898778,0.28043257213418676,0.004456749797532805
803,0.02888446215139442,3.718047309811185e-05,0.29012773452430557,0.011352252199145957
710,0.02888446215139442,0.0001254286959293527,0.30132656090181464,0.009219608170535814
523,0.02888446215139442,0.002448359501023195,0.3083856581025462,0.009028074505585602
813,0.02888446215139442,0.00015898581933684164,0.2757107095233031,0.0037085993283633074
541,0.02888446215139442,0.00010085443544164149,0.32861261756693244,0.016195012605355694
328,0.02888446215139442,0.00010432161206706678,0.3118233059401965,0.009841892493476289
714,0.02888446215139442,4.5247836072445856e-05,0.3289346289511235,0.018131601388841324
765,0.027888446215139442,0.00012282021462699182,0.3103816817795853,0.009160220397100365
469,0.027888446215139442,0.00014208375910088235,0.3135710311486422,0.012097326015846127
662,0.027888446215139442,0.00010859017494104973,0.3212227644446139,0.013678845700186742
70,0.027888446215139442,5.844659468347653e-05,0.3206091583998295,0.014588082471904688
391,0.027888446215139442,4.364902444286373e-05,0.29316837453678735,0.006956160338117657
551,0.027888446215139442,0.0002669257603051046,0.32106914284516647,0.010987119443616009
344,0.027888446215139442,0.00010459476252533749,0.28375130079849664,0.004469990238777873
925,0.026892430278884463,1.6831269171339876e-05,0.2896270826959634,0.008506097145200469
708,0.026892430278884463,6.0047133601284105e-05,0.3169761934321261,0.012621958693526055
638,0.026892430278884463,6.73217790689764e-05,0.28267603271126024,0.0037333765777883684
71,0.026892430278884463,5.3018889195176935e-05,0.30474606340864413,0.008869547433962429
621,0.026892430278884463,0.0003622835796271926,0.315634968354134,0.008367769985380767
497,0.026892430278884463,9.363128932237023e-05,0.3105252440745805,0.010093775640301844
674,0.02589641434262948,2.0995242392307226e-05,0.2727978779720614,0.003034817938285243
753,0.02589641434262948,9.757541099263226e-05,0.3082440668912962,0.01143324102372579
641,0.02589641434262948,0.0008807105849925109,0.32877354441197015,0.017236840539528068
267,0.02589641434262948,5.3061978742427645e-05,0.2758239842601656,0.00410917441423306
120,0.02589641434262948,0.00010499339997901257,0.3125491516244149,0.007201440952374517
399,0.02589641434262948,1.9606713937391487e-05,0.3213765331207482,0.014552955717333022
392,0.02589641434262948,9.774832465755262e-05,0.315634968354134,0.009554105568716297
642,0.02589641434262948,9.195730271536326e-06,0.32621748187038047,0.024620923275054392
816,0.02589641434262948,3.8837543063603236e-05,0.3029582931810664,0.011909030547710735
679,0.02589641434262948,7.02378141482649e-05,0.31110082376702647,0.011738358382893761
117,0.02589641434262948,0.00017238783002176665,0.33736461190414224,0.01359200765635004
50,0.0249003984063745,0.00015202052683278437,0.2991780649239051,0.008111367985105752
840,0.0249003984063745,3.110327566493845e-05,0.32909587141629565,0.012362982581823122
521,0.0249003984063745,0.0011116895504400554,0.3186310288036275,0.008683370408223846
582,0.0249003984063745,7.703041065548274e-05,0.32877354441197015,0.01263144477223942
324,0.0249003984063745,0.00019413848359063027,0.3126947264505091,0.008298660802969458
527,0.0249003984063745,6.133391924543553e-05,0.30557832393684253,0.010187096646810403
930,0.0249003984063745,9.396256979882986e-05,0.2896270826959634,0.005192550894316414
586,0.0249003984063745,0.0,0.3270126491120068,0.022441838362304567
931,0.0249003984063745,0.00010573312057225366,0.29971231146841204,0.006403958234529428
374,0.0249003984063745,5.384969583113603e-05,0.27548443893690727,0.0035622395070250184
22,0.0249003984063745,8.844709187471803e-05,0.31284043694745717,0.008844612072991009
246,0.0249003984063745,6.1030292554848894e-05,0.28113717658678516,0.00429718413648241
663,0.0249003984063745,2.6796048053603545e-05,0.32153044908488654,0.01419182002032098
247,0.0249003984063745,3.078876930446792e-05,0.2785707791241673,0.004086488958824561
516,0.02390438247011952,0.001603191695235024,0.3011913762625586,0.007078342676491476
491,0.02390438247011952,0.00011039519568893142,0.28813544106834466,0.003762025629341362
640,0.02390438247011952,6.946924125555305e-05,0.3050229794135589,0.00824198706527418
597,0.02390438247011952,9.48911419064921e-05,0.31772625541374494,0.011445598478950618
651,0.022908366533864542,7.067913443805234e-05,0.31371755966787057,0.008713148195880663
228,0.022908366533864542,3.2409837295730465e-05,0.33787396964732913,0.01862314672878163
644,0.022908366533864542,5.143767312724104e-05,0.3178766939816492,0.01011903878478809
768,0.022908366533864542,4.890566352545561e-05,0.29575135581023926,0.0069160703128913975
78,0.022908366533864542,0.0,0.339209693484128,0.025472511738095276
726,0.022908366533864542,1.6857804011715486e-05,0.3184798755641571,0.012901517529157362
298,0.022908366533864542,0.00017736101095175612,0.3157834325913655,0.00914574229837271
487,0.022908366533864542,0.00013265622730850298,0.28137283222516474,0.0024823340098037543
403,0.022908366533864542,1.7460020602575807e-05,0.3072565572948481,0.010378304011648605
112,0.022908366533864542,7.86165586787017e-05,0.3095230879157414,0.00806243256381035
220,0.021912350597609563,3.2954787602975565e-05,0.31533845828522455,0.011417605603216507
851,0.021912350597609563,0.0004880241494097972,0.27616436762206625,0.003264565019113788
719,0.021912350597609563,0.0005233763137483797,0.29679733761681837,0.005245871905782754
610,0.021912350597609563,0.0001007569613893236,0.30655505830559043,0.006774868240275123
990,0.021912350597609563,3.9264085315591755e-06,0.3040559681563601,0.01319585651307594
926,0.021912350597609563,4.5614799807537034e-05,0.2915134944373613,0.005827392782972416
872,0.021912350597609563,9.62505870914915e-05,0.2987786282551148,0.005803648111835854
536,0.021912350597609563,5.661418312835326e-05,0.31284043694745717,0.00850312249506061
953,0.021912350597609563,0.00020431230335622765,0.2856832245486141,0.004700881179595307
929,0.02091633466135458,1.1471140718605697e-05,0.2654628618779134,0.002606905664435295
519,0.02091633466135458,0.00011851125556575762,0.3020043084522011,0.003566599005949682
465,0.02091633466135458,0.0001341777922794115,0.29614273387262596,0.0037822945008645567
313,0.02091633466135458,3.6634012966815794e-05,0.2938098808268022,0.00791808216255748
49,0.02091633466135458,0.00021904789775917027,0.29164012931765554,0.006216038452390661
627,0.02091633466135458,0.00010686201619865846,0.31802727507780343,0.008106916657433206
468,0.02091633466135458,0.0,0.33548954729437186,0.018619521194410887
907,0.0199203187250996,0.0010134818767605202,0.2785707791241673,0.0035718804737244485
921,0.0199203187250996,3.837601640263645e-05,0.29176687426738074,0.008118261668324736
730,0.0199203187250996,5.529634297709057e-05,0.3243263660334507,0.011936340939960884
956,0.0199203187250996,0.00014938430152774054,0.3037808043842729,0.0072445642922016685
728,0.0199203187250996,5.010117728204121e-05,0.3118233059401965,0.00951646106013876
219,0.0199203187250996,1.0972767828299832e-05,0.32370085713078256,0.014355732543090615
883,0.0199203187250996,7.363300300959848e-06,0.28544029663658294,0.007197872354534883
733,0.0199203187250996,0.00026221597922699154,0.2948421509395007,0.004002410908017452
587,0.0199203187250996,9.12344511463931e-06,0.29252966348115167,0.009021061403790356
571,0.0199203187250996,0.0,0.32093086879948024,0.01997303634283686
451,0.0199203187250996,0.0009966921532530467,0.27787896427534897,0.0025171059668573355
471,0.018924302788844622,6.906732838253905e-05,0.319388952278422,0.008840285666270842
927,0.018924302788844622,4.0853753434813704e-06,0.26951247598925854,0.0034996897174070793
144,0.018924302788844622,1.625584507715688e-05,0.3057174761790724,0.01020615266646225
576,0.018924302788844622,0.0,0.34565589721238316,0.0214415002812094
532,0.018924302788844622,0.0,0.3138955372539692,0.016635655389368748
957,0.018924302788844622,1.9028459942022807e-05,0.2705987818175103,0.0027708950756035085
270,0.018924302788844622,1.1571625981046802e-05,0.32605904695932153,0.013337576370164576
818,0.018924302788844622,4.34020444998874e-05,0.3257426383742082,0.009002018141628036
810,0.018924302788844622,6.771794602621112e-05,0.26153314284738727,0.0010470012637707534
555,0.01792828685258964,5.017818613424605e-06,0.3026851116723368,0.0077552426959803964
528,0.01792828685258964,3.665461409873319e-05,0.30488445853280793,0.005958569458083811
577,0.01792828685258964,0.0008707375294291232,0.2989116552489951,0.007119781407790992
723,0.01792828685258964,0.0001780555027363326,0.2859265663071734,0.003648134796575581
554,0.01792828685258964,3.964639514092087e-05,0.30159729455940837,0.005886585375228886
678,0.01792828685258964,4.070456971547136e-05,0.28255706131702146,0.004374964857989356
227,0.01792828685258964,0.0,0.3164043403255806,0.012993171954033841
535,0.01693227091633466,3.125069828095676e-05,0.29088196606986266,0.004907839072121302
224,0.01693227091633466,2.498683240928511e-05,0.3157834325913655,0.0075635950105883785
341,0.01693227091633466,1.6526744164232942e-05,0.2859265663071734,0.0046977303233325645
647,0.01693227091633466,2.414503249286026e-05,0.31533845828522455,0.010929447566913067
410,0.01693227091633466,8.14979399211451e-06,0.3223022456501407,0.013943464576114638
488,0.01693227091633466,2.1151820747701818e-05,0.2702719716945423,0.00187730393217772
538,0.01693227091633466,8.221715236842682e-05,0.28255706131702146,0.002565052761083459
865,0.01693227091633466,6.836006091586776e-07,0.27235520393072743,0.005496990353813113
43,0.01693227091633466,1.7068123045355023e-05,0.2760508131945901,0.002930894153362742
175,0.01693227091633466,6.179446108475464e-06,0.28160888325891065,0.00792941331703792
354,0.01593625498007968,1.9647413153199237e-05,0.2915134944373613,0.004239939279995421
435,0.01593625498007968,0.0017953547377280062,0.29971231146841204,0.0035011156183286027
924,0.01593625498007968,5.23668233116148e-05,0.2948421509395007,0.008704294861979905
477,0.01593625498007968,3.7480305898891134e-06,0.2822007472422207,0.00578390116440623
503,0.01593625498007968,2.093983268641823e-05,0.2831529218427849,0.003886708401383079
384,0.01593625498007968,0.0,0.30632318246359125,0.009272572416839332
643,0.01593625498007968,4.494523966860634e-05,0.30995179025357483,0.009027034111416251
565,0.01593625498007968,3.180804051009481e-05,0.2810194967305329,0.003470776577006281
599,0.01593625498007968,1.2263538483066386e-05,0.25991311563656333,0.0019246530867983416
67,0.014940239043824702,3.7766232070793684e-05,0.31984543958515627,0.007050771323415903
501,0.014940239043824702,7.988890002701276e-05,0.31504250478143736,0.006890707379795527
396,0.014940239043824702,2.1167363917891952e-07,0.2885069091917675,0.006204398311835569
686,0.014940239043824702,3.233350627297311e-05,0.3089533261340281,0.006787325502556322
530,0.014940239043824702,5.5435663502134576e-05,0.2970599901279837,0.004287110635125881
517,0.014940239043824702,4.646229271438154e-05,0.30132656090181464,0.007193144321754646
618,0.014940239043824702,0.0010080266792965302,0.2836314227668961,0.004570877229252519
613,0.014940239043824702,0.00017532628509714496,0.2730197550586592,0.0017594308169017682
734,0.014940239043824702,1.3691023527497858e-05,0.31415796803427376,0.011065492551300788
725,0.014940239043824702,5.474704288407306e-06,0.2947127206713095,0.0096450067023391
951,0.014940239043824702,7.831882514298539e-06,0.2737991752403112,0.0026724666678064825
672,0.014940239043824702,3.7558973809973522e-06,0.31313226571326636,0.008752642288868188
279,0.013944223107569721,1.0663431409194066e-05,0.3266937117709212,0.013473324028271517
706,0.013944223107569721,0.000242972379023577,0.29998015088884855,0.004460883295705818
649,0.013944223107569721,4.882739669999281e-05,0.2987786282551148,0.005320755490488865
454,0.013944223107569721,3.824125385164179e-06,0.3187823255884345,0.010061948272004975
540,0.013944223107569721,3.725828078513906e-05,0.30881121328852024,0.008021289394867097
558,0.013944223107569721,9.64631062022781e-06,0.2732419933615153,0.002263867623378362
1001,0.013944223107569721,2.6428876996524806e-06,0.27938226287525725,0.003936723898972521
980,0.013944223107569721,6.772139785457178e-05,0.29050436074826613,0.003865305194801731
119,0.013944223107569721,2.5935514349450867e-05,0.28863094483630397,0.006820611144432304
758,0.013944223107569721,8.273945342532584e-06,0.31240371227977803,0.009209612380891451
919,0.013944223107569721,2.848001083536724e-06,0.28875508717816906,0.006875063163121951
585,0.013944223107569721,5.824397895472009e-05,0.29419613395672356,0.005734442011817647
330,0.01294820717131474,4.3450678570138365e-05,0.2807844323250703,0.0034820200616837316
110,0.01294820717131474,1.0724044787477325e-05,0.2958817001715483,0.006185507421119645
789,0.01294820717131474,6.471274359857936e-05,0.3105252440745805,0.007915954002995376
619,0.01294820717131474,7.711146774502074e-05,0.2784552375318304,0.0041713984312842884
600,0.01294820717131474,1.9275299766975258e-05,0.2921477709700797,0.007067906826053682
556,0.01294820717131474,3.2730379829660224e-05,0.28556170892779376,0.003970532422993223
598,0.01294820717131474,8.517459202214031e-06,0.2969286057891389,0.004389482484298782
553,0.01294820717131474,1.2808388903710766e-05,0.2969286057891389,0.004389482484298782
841,0.01294820717131474,3.089816845282187e-05,0.2660941647599061,0.0017836479838152354
974,0.01294820717131474,1.2042126165148842e-05,0.2927848136455487,0.006151355235483252
505,0.01294820717131474,0.0,0.305766484267383,0.005807613214296109
559,0.01195219123505976,1.6745424901653694e-05,0.3072565572948481,0.0072663603267011595
72,0.01195219123505976,0.0009614711172471997,0.2803154812898718,0.0036746053132588733
886,0.01195219123505976,3.342409927873439e-06,0.2549774317087896,0.0013678277010026787
514,0.01195219123505976,9.112084099900677e-07,0.2864144956012129,0.005584572452252175
591,0.01195219123505976,2.5879387118689814e-06,0.316378688826222,0.010180531971128781
414,0.01195219123505976,0.002608131352426326,0.23548073577314735,0.0005225529089185184
717,0.01195219123505976,0.0009617743998375938,0.3171259223850935,0.008896442382719805
952,0.01195219123505976,1.6490535491362972e-05,0.2801984881841582,0.0045151415246113625
369,0.01195219123505976,5.369030708637246e-05,0.3061356943407401,0.007078204775328143
624,0.01195219123505976,1.3167531528029982e-05,0.31401102791826146,0.00714704030253159
623,0.01195219123505976,0.0010253728295611256,0.3061356943407401,0.005756303416347356
783,0.01195219123505976,2.2911301752020345e-05,0.2906301202117935,0.0050772663089117265
804,0.01195219123505976,0.0,0.2840827487853567,0.0028903562686095857
987,0.01195219123505976,0.0,0.2971267248885254,0.009888431425436437
947,0.01195219123505976,0.0,0.27016321033772356,0.003112924700064669
694,0.010956175298804782,4.7855198946687664e-05,0.29138696948317844,0.005015253936560801
696,0.010956175298804782,3.2954696972577404e-06,0.2707078942295335,0.0030025018893275537
635,0.010956175298804782,0.0009573464748540276,0.24412930097790658,0.0005900744837643458
364,0.010956175298804782,3.3499859202661804e-06,0.30810260563985453,0.01046573608981637
656,0.010956175298804782,0.0,0.2785563045829925,0.0029929899212797965
652,0.010956175298804782,8.105436508148213e-06,0.2757107095233031,0.0033038559683295455
833,0.010956175298804782,2.432568307896149e-06,0.3090955698385097,0.0057926095932351925
1000,0.010956175298804782,9.446722222960228e-06,0.29050436074826613,0.003413032513651664
877,0.010956175298804782,2.798677568266664e-06,0.3169761934321261,0.009097032391878314
575,0.010956175298804782,0.0,0.2922240694192401,0.005757427702946412
909,0.010956175298804782,1.197003052402711e-06,0.3030950689341955,0.009108971171220765
239,0.010956175298804782,0.0,0.29311499646015243,0.008338475847508015
664,0.010956175298804782,1.863768273583427e-05,0.3011913762625586,0.006388549498848684
954,0.0099601593625498,1.7132510889971628e-07,0.30065184849495885,0.009295636646846047
937,0.0099601593625498,4.412363138075703e-06,0.28912815576625456,0.003767669955533528
539,0.0099601593625498,2.0784659005193785e-05,0.3064151427153095,0.005619682909256676
616,0.0099601593625498,1.5330309041184472e-05,0.281963703355415,0.0022826903546026385
786,0.0099601593625498,3.4140168085957555e-05,0.3050229794135589,0.004791215697615901
811,0.0099601593625498,4.679502698667789e-06,0.2973231079226054,0.0051858593564016574
319,0.0099601593625498,0.0,0.3097064113541233,0.009152168547711117
276,0.00896414342629482,2.34675924556431e-06,0.29851292916373634,0.004525714465472894
905,0.00896414342629482,1.3598182045335218e-06,0.22596956502498924,0.0001282420130984498
955,0.00896414342629482,1.2661753480286094e-06,0.2856832245486141,0.004771807225114682
111,0.00896414342629482,3.116691047783552e-07,0.2777639957340683,0.003952333452624819
806,0.00896414342629482,0.0,0.2667284774291788,0.0027523982611873006
476,0.00896414342629482,1.5112632792608494e-06,0.28339197032049096,0.005190039932725221
869,0.00896414342629482,1.5014361857754885e-06,0.2594109651040352,0.0013682033259354916
764,0.00896414342629482,0.0,0.3107073092670868,0.006327356098592961
604,0.00796812749003984,0.0,0.3003088049408791,0.007520636758689419
814,0.00796812749003984,2.7415785879303725e-05,0.2744708003635499,0.0018856161187151398
797,0.00796812749003984,0.00029371282260396667,0.2733532482448058,0.0019505873684721549
669,0.00796812749003984,1.4731687262676487e-05,0.2935529417093323,0.003604188573636314
729,0.00796812749003984,0.0,0.28288862205654053,0.0037066876248305638
386,0.00796812749003984,0.0,0.2837234535718845,0.004566683367780136
402,0.00796812749003984,0.0,0.30688191147857274,0.00607817168643571
315,0.00796812749003984,0.0,0.2791339825269639,0.0038923402536189065
683,0.00796812749003984,0.0,0.28480407612040204,0.007143006517076584
751,0.00796812749003984,3.0877973441150178e-06,0.2921477709700797,0.004281883074148433
289,0.00796812749003984,0.0,0.2884663659976468,0.0045045087760430405
432,0.00796812749003984,3.57123239047406e-07,0.2895021896029509,0.004436086485254219
771,0.00796812749003984,0.0,0.3122932862517448,0.009324948445798063
745,0.00796812749003984,1.283554369262817e-05,0.2745830583596086,0.0021004752517769123
109,0.00796812749003984,5.064052295943839e-06,0.2896270826959634,0.003699004674869832
799,0.00796812749003984,2.7793946559539215e-05,0.30488445853280793,0.004921667670825654
800,0.00796812749003984,1.5564796102284242e-05,0.2710357600683258,0.0013557394435798882
970,0.0069721115537848604,1.993208648238026e-06,0.2769618719840112,0.0020599757423601143
855,0.0069721115537848604,5.153737951511817e-06,0.2924022550911337,0.0030518430416246693
596,0.0069721115537848604,1.355483099096309e-06,0.2824381900249235,0.0023626514140698686
472,0.0069721115537848604,0.0,0.2755905126423055,0.0034775850615451076
687,0.0069721115537848604,0.0,0.3080055065778078,0.0071921812217734865
735,0.0069721115537848604,0.0,0.2535330731454845,0.00146603934464432
715,0.0069721115537848604,2.9884454721026004e-05,0.2812549550436712,0.0035950481115521018
202,0.0069721115537848604,8.028487390003961e-06,0.2801984881841582,0.004139673686553654
512,0.0069721115537848604,1.4887116150928402e-06,0.29998015088884855,0.004380768634345994
705,0.0069721115537848604,9.82686793719595e-07,0.30530039913107915,0.007009138324338212
991,0.0069721115537848604,0.0,0.26410526266295953,0.002792140995196524
885,0.0069721115537848604,2.215009826824376e-05,0.27787896427534897,0.0025991557666893567
835,0.0069721115537848604,3.623008887318676e-06,0.275258539437984,0.0030728058044416522
889,0.0069721115537848604,7.178358120414911e-07,0.275033010114397,0.0031493220490112876
854,0.0069721115537848604,0.0,0.3077238371616415,0.010002226166674505
617,0.0069721115537848604,8.44737988307064e-06,0.2680062186384204,0.002218208259486849
760,0.0069721115537848604,1.2238425354513908e-05,0.2730197550586592,0.001790034088623743
645,0.0069721115537848604,8.18983264528483e-05,0.26214587180368726,0.0010893677991019434
791,0.0069721115537848604,9.89056600323349e-06,0.26854223107569725,0.001928526317314384
906,0.0069721115537848604,1.4996551744804203e-05,0.3001142501963536,0.004181869446116903
778,0.0069721115537848604,1.0437780644619261e-05,0.29998015088884855,0.003521995650132053
817,0.00597609561752988,9.028963962079242e-07,0.2642092001925396,0.00214192919147394
594,0.00597609561752988,0.0,0.3027404551833153,0.008174068645310863
507,0.00597609561752988,6.346617444872862e-06,0.26031623795627884,0.0012681811071817801
522,0.00597609561752988,4.77098036099452e-06,0.263173491842118,0.0014396817374423038
978,0.00597609561752988,1.8922110171399306e-06,0.2689725872152416,0.0019897719302716223
721,0.00597609561752988,3.24896107094099e-07,0.2730197550586592,0.003567069853899835
718,0.00597609561752988,0.0,0.2873578274434287,0.005085198876878649
697,0.00597609561752988,0.0002856041421290582,0.25013248051015013,0.0005249642204621131
935,0.00597609561752988,4.483326016717335e-06,0.2545906627566337,0.0009584567223298772
727,0.00597609561752988,1.7433085687741145e-06,0.2684348571328441,0.0016485593216626117
348,0.00597609561752988,0.0,0.2648345474119302,0.001885220924753112
625,0.00597609561752988,0.0,0.27592949236265274,0.00601473781896337
741,0.00597609561752988,7.09312018412605e-08,0.2646257696843686,0.0017634545877889196
739,0.00597609561752988,0.0,0.2947840700273806,0.004888134636655544
958,0.00597609561752988,0.0009768352081306816,0.25106790489500486,0.0011388575995991265
807,0.00597609561752988,0.0,0.2946550051981217,0.00608636348395237
912,0.00597609561752988,3.100071651527884e-06,0.25911060505181127,0.0008301434452460241
736,0.00597609561752988,2.0430062218199406e-07,0.3186310288036275,0.009925344468750066
825,0.00597609561752988,0.0009591617044573463,0.2508802607209428,0.0005584699868614198
849,0.00597609561752988,0.0,0.28480407612040204,0.005239992866301763
878,0.00597609561752988,0.0,0.2576191779314056,0.001580262156768725
609,0.00597609561752988,8.166095668846133e-07,0.2807844323250703,0.0042473661372782944
767,0.00597609561752988,0.0,0.3053502866935163,0.007770301858413096
415,0.00597609561752988,0.0011919745454768084,0.2797314907038513,0.00163966594704226
628,0.00597609561752988,0.0,0.2672724511010762,0.0022883370726305783
382,0.0049800796812749,0.0,0.27547770440954156,0.0030692127559535007
923,0.0049800796812749,3.850967638038559e-06,0.25295990116399514,0.0007470662856833986
743,0.0049800796812749,0.0,0.22742397618199292,0.00025007375707565365
836,0.0049800796812749,7.358845608948927e-07,0.2407155172783231,0.0003519328819298424
939,0.0049800796812749,3.1593758972820365e-06,0.263070367433089,0.000895758625320442
749,0.0049800796812749,0.0,0.3020610555980745,0.004773046428781131
964,0.0049800796812749,0.0,0.27114908616942385,0.002751019840769964
967,0.0049800796812749,0.0,0.2743546807470485,0.0023141055699578347
639,0.0049800796812749,0.0,0.273019079867144,0.0025432248448275523
693,0.0049800796812749,0.0,0.3027404551833153,0.00834020584640872
752,0.0049800796812749,0.0,0.3027404551833153,0.006937405174571041
383,0.0049800796812749,0.0,0.27082174320825353,0.002614552593352026
979,0.0049800796812749,0.0,0.0,2.4109404053634646e-34
534,0.0049800796812749,2.700692556329741e-07,0.2535330731454845,0.0008135264754342928
887,0.0049800796812749,2.8767032137888003e-06,0.2614312997232255,0.001199961524726187
852,0.0049800796812749,1.0642550634848421e-05,0.2607206126948517,0.0011314324910797846
793,0.0049800796812749,8.3839955105214e-06,0.24132119974451582,0.0004399205471237613
819,0.0049800796812749,0.0,0.26115329137466436,0.0015222399291952187
802,0.0049800796812749,0.0,0.0,2.4109404053634646e-34
895,0.0049800796812749,0.0,0.26588339710465075,0.0019459075257449118
479,0.00398406374501992,0.0,0.2566712554815065,0.0007642399298200168
857,0.00398406374501992,0.0,0.31214843778873375,0.005878836860331485
866,0.00398406374501992,1.8785676029183685e-07,0.27938226287525725,0.003093694368484953
567,0.00398406374501992,0.0008142901971376706,0.2829142763123654,0.003100863030650794
712,0.00398406374501992,0.0,0.26963648204942026,0.0023688838201570313
632,0.00398406374501992,0.0,0.24298066510649408,0.000584565226885899
740,0.00398406374501992,5.304665715645751e-07,0.2822007472422207,0.0031741048948645536
629,0.00398406374501992,1.585286444674237e-06,0.2660941647599061,0.001091752526607047
969,0.00398406374501992,0.0,0.2643132195626941,0.0017148168753809384
934,0.00398406374501992,0.0,0.27901825533686153,0.002916045651676586
398,0.00398406374501992,0.0,0.2701694226706182,0.0022008280959229794
742,0.00398406374501992,0.00010498996847660368,0.2812549550436712,0.0027654776786490143
574,0.00398406374501992,0.0,0.2745785523755651,0.0027489240983929047
829,0.00398406374501992,4.3420379359676184e-06,0.22408397119133613,0.0001464240238039153
867,0.00398406374501992,0.0,0.2871126415838353,0.003720475990919075
584,0.00398406374501992,0.0,0.29413987407015296,0.003230384555003198
722,0.00398406374501992,0.0,0.2755905126423055,0.003015554558129578
713,0.00398406374501992,0.0,0.2508802607209428,0.0011332526541556064
676,0.00398406374501992,0.0,0.2954310938860887,0.0029073048812530474
945,0.00398406374501992,3.427342836847114e-07,0.26204355101063354,0.0010632497970509518
605,0.00398406374501992,0.0,0.21734229319834067,9.305841923831953e-05
614,0.00398406374501992,1.156582586714967e-05,0.23849221232299933,0.0003038160812779131
805,0.00398406374501992,0.0,0.268874163752501,0.0016363360454409441
785,0.00398406374501992,0.0,0.2750273934910135,0.0023754015629484935
903,0.00398406374501992,0.0,0.25439771795727284,0.0007837165118515418
796,0.00398406374501992,0.0,0.29008277235884056,0.004375327993731567
416,0.00398406374501992,3.972147303110589e-07,0.2666225487248781,0.0015071502618491943
766,0.00398406374501992,0.0,0.23506847958306828,0.0002025756277494036
891,0.00398406374501992,0.0,0.2661996739449814,0.0015423011445077532
997,0.00298804780876494,0.0,0.253480991289081,0.0009542494185195102
986,0.00298804780876494,0.0,0.2665314977712911,0.0017782444199552466
962,0.00298804780876494,2.140372422236804e-06,0.24045686879987216,0.000345584671170382
709,0.00298804780876494,0.0,0.2566712554815065,0.001348505115694184
682,0.00298804780876494,0.0,0.2573583295879579,0.0009007723326286928
637,0.00298804780876494,0.0,0.2646449201228903,0.002192626830541186
692,0.00298804780876494,1.2166827653526116e-07,0.2406292393151409,0.0003859365631482202
620,0.00298804780876494,0.0,0.28764163568519413,0.0026820831806600113
769,0.00298804780876494,0.0,0.2932427154128584,0.004714073917439192
911,0.00298804780876494,0.0,0.27901825533686153,0.002972764879490173
439,0.00298804780876494,0.0,0.27901825533686153,0.0036438398607583134
456,0.00298804780876494,0.0,0.26588339710465075,0.0013539437585864396
781,0.00298804780876494,0.0,0.2519625727714377,0.0004666173352624183
782,0.00298804780876494,0.0,0.2890859243438617,0.0032190898249861303
898,0.00298804780876494,7.989747072056757e-07,0.23976984917472965,0.00035821447977155884
779,0.00298804780876494,1.3556929159839779e-06,0.25022570916483156,0.0005768524669675657
757,0.00298804780876494,0.0,0.2592419229092874,0.0014494269222264818
436,0.00298804780876494,0.0,0.275816406505127,0.0029164280156777213
821,0.00298804780876494,0.0,0.29025316804550066,0.0024163125079878895
848,0.00298804780876494,0.0,0.27638276462936756,0.0029127802551456488
844,0.00298804780876494,0.0,0.2642092001925396,0.0014632117426472326
646,0.00298804780876494,0.0,0.27809588093905374,0.0034636817667519117
870,0.00298804780876494,0.0,0.2586441321569985,0.001182917041242573
874,0.00298804780876494,0.0,0.2586441321569985,0.001182917041242573
984,0.00298804780876494,0.0,0.2672724511010762,0.0020645236080854123
983,0.00298804780876494,0.0,0.2806472192962927,0.004025597812221235
989,0.00298804780876494,0.0,0.2643132195626941,0.001738555464071712
999,0.00199203187250996,0.0,0.2559495149406188,0.0008515660211160034
1003,0.00199203187250996,0.0,0.24080185713387486,0.0004649295013965732
972,0.00199203187250996,0.0,0.25215137949513305,0.0007281379978774579
824,0.00199203187250996,0.0,0.24938914475826268,0.0005187932230169294
850,0.00199203187250996,0.0,0.27038651340799924,0.0014761319570712268
873,0.00199203187250996,0.0,0.2472417457283284,0.0007062180015868392
837,0.00199203187250996,0.0,0.28327239564946965,0.0023272392738068236
839,0.00199203187250996,3.8656562596758507e-07,0.25771807204961344,0.0008163288172340953
838,0.00199203187250996,0.0,0.24054302317780116,0.0004892075381784957
842,0.00199203187250996,0.0,0.28123361131320934,0.0029162302028395972
843,0.00199203187250996,0.0009562944632238743,0.21032442910064006,5.029207685901051e-05
868,0.00199203187250996,0.0,0.2797140614598961,0.0016686974354203938
977,0.00199203187250996,0.0,0.2569652660834326,0.0012591318474110488
968,0.00199203187250996,0.0,0.2628875124501992,0.0012788883160384486
966,0.00199203187250996,0.0,0.2752523647740327,0.0022072567101621187
677,0.00199203187250996,0.0,0.28565026819716044,0.0026621079186507856
763,0.00199203187250996,0.0,0.27213440522466276,0.001298915978844723
673,0.00199203187250996,0.0,0.253341727429903,0.0009502738793609689
920,0.00199203187250996,1.0012437416931648e-06,0.21961255403638963,5.678368141324976e-05
724,0.00199203187250996,0.0,0.29504253918128454,0.0032502597411034296
630,0.00199203187250996,0.0,0.2623750611588733,0.0015062598625620268
631,0.00199203187250996,0.0,0.25874357242311036,0.0014014372852318776
650,0.00199203187250996,0.0,0.25931076774401046,0.0009271015854399519
902,0.00199203187250996,0.0,0.27213440522466276,0.001298915978844723
475,0.00199203187250996,0.0,0.2624773915259399,0.0013979339729359864
801,0.00199203187250996,0.0,0.27235614401963176,0.0024693018171647015
794,0.00199203187250996,0.0,0.21814976721961427,0.00022079852137882222
893,0.00199203187250996,0.0,0.24561752988047808,0.0003692213997136915
882,0.00199203187250996,0.0,0.2988419324478286,0.004163119800191427
940,0.00199203187250996,0.0,0.280998760698334,0.0025765420020326555
942,0.00199203187250996,1.316985912202309e-06,0.21961255403638963,5.678368141324976e-05
996,0.00199203187250996,0.0,0.24782413351393245,0.0005089993953679799
988,0.00199203187250996,0.0,0.26125467075796194,0.001281355710772264
737,0.00199203187250996,0.0,0.24883453583737697,0.0007241291624636335
689,0.00199203187250996,3.989513382735894e-07,0.24080185713387486,0.00046937709736915483
759,0.00199203187250996,1.1382160608884792e-07,0.28113717658678516,0.0022045058903268147
463,0.00199203187250996,0.0,0.23900162965085195,0.00041612363067448525
702,0.00199203187250996,0.0,0.285045333279335,0.0031861811242097993
716,0.00199203187250996,0.0,0.27213440522466276,0.001298915978844723
938,0.00199203187250996,0.0,0.24691268028291394,0.000386555870659133
1002,0.00099601593625498,0.0,0.23958420500979355,0.0003065539435737696
998,0.00099601593625498,0.0,0.2509291692291238,0.00047669903965573407
993,0.00099601593625498,0.0,0.23747072401994002,0.0004884120952009957
992,0.00099601593625498,0.0,0.0,2.4109404053634646e-34
1004,0.00099601593625498,0.0,0.24061209577136577,0.0004479601581220623
668,0.00099601593625498,0.0,0.2448133982802874,0.0004130322036996539
657,0.00099601593625498,0.0,0.255404945682167,0.0009449605551394097
688,0.00099601593625498,0.0,0.24104299135834886,0.00046937709736915483
995,0.00099601593625498,0.0,0.0,2.4109404053634646e-34
994,0.00099601593625498,0.0,0.2646449201228903,0.0008814762008034763
795,0.00099601593625498,0.0,0.24897966402978544,0.0006459387062232835
636,0.00099601593625498,0.0,0.27060395330619624,0.0017342388636824133
704,0.00099601593625498,0.0,0.2837234535718845,0.0023272392738068236
890,0.00099601593625498,0.0,0.2813511838931898,0.0022045058903268147
894,0.00099601593625498,0.0,0.24797053495670968,0.0004232264339138472
578,0.00099601593625498,0.0,0.2193585501540124,0.0001154738375804627
834,0.00099601593625498,0.0,0.2837234535718845,0.0023272392738068236
561,0.00099601593625498,0.0,0.23941374310654928,0.00041612363067448525
831,0.00099601593625498,0.0,0.2412157820331577,0.0004649295013965732
881,0.00099601593625498,0.0,0.2613561288825282,0.001181991339157184
879,0.00099601593625498,0.0,0.0,2.4109404053634646e-34
871,0.00099601593625498,0.0,0.24104299135834886,0.0003859365631482202
875,0.00099601593625498,0.0,0.0,2.4109404053634646e-34
846,0.00099601593625498,0.0,0.0,2.4109404053634646e-34
864,0.00099601593625498,0.0,0.25647562190263334,0.0009542956647038934
524,0.00099601593625498,0.0,0.0,2.4109404053634646e-34
863,0.00099601593625498,0.0,0.0,2.4109404053634646e-34
862,0.00099601593625498,0.0,0.2247051859340601,0.0001307276245054151
861,0.00099601593625498,0.0,0.2225502750901157,0.00011935434243153344
827,0.00099601593625498,0.0,0.25111642980317533,0.0005665711651044501
830,0.00099601593625498,0.0,0.23079287787123112,0.0001779654576402208
975,0.00099601593625498,0.0,0.20739353832742988,0.00012366674107695184
973,0.00099601593625498,0.0,0.20739353832742988,0.00012366674107695184
985,0.00099601593625498,0.0,0.24087044805744812,0.0003337647609268815
858,0.00099601593625498,0.0,0.0,2.4109404053634646e-34
853,0.00099601593625498,0.0,0.2752523647740327,0.0018181722211427504
982,0.00099601593625498,0.0,0.0,2.4109404053634646e-34
960,0.00099601593625498,0.0,0.25795018469624764,0.0008163288172340953
961,0.00099601593625498,0.0,0.25795018469624764,0.0008163288172340953
959,0.00099601593625498,0.0,0.25795018469624764,0.0008163288172340953
659,0.00099601593625498,0.0,0.25795018469624764,0.0008163288172340953
787,0.00099601593625498,0.0,0.2701694226706182,0.0015388408075502871
792,0.00099601593625498,0.0,0.2813511838931898,0.0022045058903268147
790,0.00099601593625498,0.0,0.0,2.4109404053634646e-34
788,0.00099601593625498,0.0,0.0,2.4109404053634646e-34
901,0.00099601593625498,0.0,0.0,2.4109404053634646e-34
899,0.00099601593625498,0.0,0.2540551271696904,0.0008814172783927884
897,0.00099601593625498,0.0,0.24990420789918677,0.0007102460714275794
595,0.00099601593625498,0.0,0.23000411205485646,0.00016796814035568573
773,0.00099601593625498,0.0,0.0,2.4109404053634646e-34
784,0.00099601593625498,0.0,0.25647562190263334,0.0009542956647038934
780,0.00099601593625498,0.0,0.2500899412383909,0.0006274728589232436
904,0.00099601593625498,0.0,0.2413022703020832,0.0002960647013790269
876,0.00099601593625498,0.0,0.19678129586915497,2.1336223711495154e-05
888,0.00099601593625498,0.0,0.24508085647214492,0.0007051406586100415
884,0.00099601593625498,0.0,0.24508085647214492,0.0007051406586100415
583,0.00099601593625498,0.0,0.22976853256145782,0.00014083331422603577
603,0.00099601593625498,0.0,0.18322679876735912,8.475149475092722e-06
775,0.00099601593625498,0.0,0.23958420500979355,0.0003065539435737696
770,0.00099601593625498,0.0,0.24251965112522886,0.0004194340273294504
774,0.00099601593625498,0.0,0.25686718773759926,0.0010119089468882344
626,0.00099601593625498,0.0,0.2731298830651421,0.0017686455151209371
750,0.00099601593625498,0.0,0.0,2.4109404053634646e-34
622,0.00099601593625498,0.0,0.2452594868340051,0.00034205233535701735
606,0.00099601593625498,0.0,0.2537677344918967,0.0009502738793609689
915,0.00099601593625498,0.0,0.2323867513371927,0.0003055856407871299
916,0.00099601593625498,0.0,0.18322679876735912,8.475149475092722e-06
449,0.00099601593625498,0.0,0.18322679876735912,8.475149475092722e-06
910,0.00099601593625498,0.0,0.2509291692291238,0.00047669903965573407
762,0.00099601593625498,0.0,0.22058080362914126,0.0001148016452631691
680,0.00099601593625498,0.0,0.23814296952318117,0.0002786385837876976
941,0.00099601593625498,0.0,0.0,2.4109404053634646e-34
701,0.00099601593625498,0.0,0.23941374310654928,0.00041612363067448525
928,0.00099601593625498,0.0,0.27060395330619624,0.0017342388636824133
634,0.00099601593625498,0.0,0.0,2.4109404053634646e-34
755,0.00099601593625498,0.0,0.0,2.4109404053634646e-34
761,0.00099601593625498,0.0,0.2548246996866755,0.0008683846600305217
944,0.00099601593625498,0.0,0.0,2.4109404053634646e-34
946,0.00099601593625498,0.0,0.23498325135213338,0.00027955971554957166
948,0.00099601593625498,0.0,0.23142779637981772,0.0001919763137931387
943,0.00099601593625498,0.0,0.0,2.4109404053634646e-34
965,0.00099601593625498,0.0,0.21604880637961796,5.493190697649134e-05
633,0.0,0.0,0.0,2.4109404053634646e-34
648,0.0,0.0,0.0,2.4109404053634646e-34
580,0.0,0.0,0.0,2.4109404053634646e-34
658,0.0,0.0,0.0,2.4109404053634646e-34
653,0.0,0.0,0.0,2.4109404053634646e-34
660,0.0,0.0,0.0,2.4109404053634646e-34
744,0.0,0.0,0.0,2.4109404053634646e-34
703,0.0,0.0,0.0,2.4109404053634646e-34
691,0.0,0.0,0.0,2.4109404053634646e-34
684,0.0,0.0,0.0,2.4109404053634646e-34
675,0.0,0.0,0.0,2.4109404053634646e-34
670,0.0,0.0,0.0,2.4109404053634646e-34
732,0.0,0.0,0.0,2.4109404053634646e-34
731,0.0,0.0,0.0,2.4109404053634646e-34
711,0.0,0.0,0.0,2.4109404053634646e-34
746,0.0,0.0,0.0,2.4109404053634646e-34
772,0.0,0.0,0.0,2.4109404053634646e-34
798,0.0,0.0,0.0,2.4109404053634646e-34
808,0.0,0.0,0.0,2.4109404053634646e-34
