step,S,I,R,ever_reached,strategy,run,seed_node
0,1004,1,0,1,top_degree,0,160
1,970,35,0,35,top_degree,0,160
2,824,175,6,181,top_degree,0,160
3,481,493,31,524,top_degree,0,160
4,271,617,117,734,top_degree,0,160
5,205,568,232,800,top_degree,0,160
6,176,485,344,829,top_degree,0,160
7,155,410,440,850,top_degree,0,160
8,147,332,526,858,top_degree,0,160
9,141,270,594,864,top_degree,0,160
10,141,221,643,864,top_degree,0,160
11,140,187,678,865,top_degree,0,160
12,139,159,707,866,top_degree,0,160
13,137,125,743,868,top_degree,0,160
14,136,100,769,869,top_degree,0,160
15,136,84,785,869,top_degree,0,160
16,136,68,801,869,top_degree,0,160
17,136,56,813,869,top_degree,0,160
18,136,43,826,869,top_degree,0,160
19,136,33,836,869,top_degree,0,160
20,135,28,842,870,top_degree,0,160
21,135,21,849,870,top_degree,0,160
22,135,17,853,870,top_degree,0,160
23,135,14,856,870,top_degree,0,160
24,134,13,858,871,top_degree,0,160
25,134,12,859,871,top_degree,0,160
0,1004,1,0,1,top_degree,1,160
1,974,30,1,31,top_degree,1,160
2,869,130,6,136,top_degree,1,160
3,537,437,31,468,top_degree,1,160
4,307,582,116,698,top_degree,1,160
5,212,566,227,793,top_degree,1,160
6,175,494,336,830,top_degree,1,160
7,150,424,431,855,top_degree,1,160
8,138,358,509,867,top_degree,1,160
9,135,286,584,870,top_degree,1,160
10,132,233,640,873,top_degree,1,160
11,127,186,692,878,top_degree,1,160
12,126,144,735,879,top_degree,1,160
13,124,110,771,881,top_degree,1,160
14,124,89,792,881,top_degree,1,160
15,122,83,800,883,top_degree,1,160
16,120,70,815,885,top_degree,1,160
17,120,57,828,885,top_degree,1,160
18,119,48,838,886,top_degree,1,160
19,119,38,848,886,top_degree,1,160
20,119,33,853,886,top_degree,1,160
21,119,25,861,886,top_degree,1,160
22,119,22,864,886,top_degree,1,160
23,119,15,871,886,top_degree,1,160
24,119,12,874,886,top_degree,1,160
25,119,12,874,886,top_degree,1,160
0,1004,1,0,1,top_degree,2,160
1,963,42,0,42,top_degree,2,160
2,783,213,9,222,top_degree,2,160
3,419,532,54,586,top_degree,2,160
4,248,611,146,757,top_degree,2,160
5,188,561,256,817,top_degree,2,160
6,162,481,362,843,top_degree,2,160
7,154,398,453,851,top_degree,2,160
8,143,342,520,862,top_degree,2,160
9,140,274,591,865,top_degree,2,160
10,138,228,639,867,top_degree,2,160
11,136,180,689,869,top_degree,2,160
12,133,149,723,872,top_degree,2,160
13,129,123,753,876,top_degree,2,160
14,129,103,773,876,top_degree,2,160
15,127,86,792,878,top_degree,2,160
16,126,66,813,879,top_degree,2,160
17,126,53,826,879,top_degree,2,160
18,126,42,837,879,top_degree,2,160
19,126,28,851,879,top_degree,2,160
20,124,24,857,881,top_degree,2,160
21,124,17,864,881,top_degree,2,160
22,123,15,867,882,top_degree,2,160
23,123,14,868,882,top_degree,2,160
24,122,13,870,883,top_degree,2,160
25,122,9,874,883,top_degree,2,160
0,1004,1,0,1,top_degree,3,160
1,952,53,0,53,top_degree,3,160
2,765,228,12,240,top_degree,3,160
3,408,540,57,597,top_degree,3,160
4,259,582,164,746,top_degree,3,160
5,211,509,285,794,top_degree,3,160
6,175,448,382,830,top_degree,3,160
7,158,369,478,847,top_degree,3,160
8,147,313,545,858,top_degree,3,160
9,137,246,622,868,top_degree,3,160
10,137,189,679,868,top_degree,3,160
11,135,145,725,870,top_degree,3,160
12,133,123,749,872,top_degree,3,160
13,133,98,774,872,top_degree,3,160
14,133,80,792,872,top_degree,3,160
15,133,70,802,872,top_degree,3,160
16,132,52,821,873,top_degree,3,160
17,132,43,830,873,top_degree,3,160
18,131,36,838,874,top_degree,3,160
19,131,28,846,874,top_degree,3,160
20,131,25,849,874,top_degree,3,160
21,131,25,849,874,top_degree,3,160
22,131,20,854,874,top_degree,3,160
23,130,19,856,875,top_degree,3,160
24,130,16,859,875,top_degree,3,160
25,130,15,860,875,top_degree,3,160
0,1004,1,0,1,top_degree,4,160
1,961,44,0,44,top_degree,4,160
2,718,274,13,287,top_degree,4,160
3,399,539,67,606,top_degree,4,160
4,247,587,171,758,top_degree,4,160
5,195,522,288,810,top_degree,4,160
6,176,433,396,829,top_degree,4,160
7,167,359,479,838,top_degree,4,160
8,159,283,563,846,top_degree,4,160
9,151,246,608,854,top_degree,4,160
10,148,197,660,857,top_degree,4,160
11,141,160,704,864,top_degree,4,160
12,140,131,734,865,top_degree,4,160
13,139,109,757,866,top_degree,4,160
14,139,80,786,866,top_degree,4,160
15,139,62,804,866,top_degree,4,160
16,138,50,817,867,top_degree,4,160
17,138,39,828,867,top_degree,4,160
18,138,32,835,867,top_degree,4,160
19,138,25,842,867,top_degree,4,160
20,137,24,844,868,top_degree,4,160
21,137,19,849,868,top_degree,4,160
22,137,16,852,868,top_degree,4,160
23,137,13,855,868,top_degree,4,160
24,137,11,857,868,top_degree,4,160
25,137,9,859,868,top_degree,4,160
0,1004,1,0,1,top_degree,5,160
1,946,59,0,59,top_degree,5,160
2,720,269,16,285,top_degree,5,160
3,389,537,79,616,top_degree,5,160
4,252,555,198,753,top_degree,5,160
5,198,514,293,807,top_degree,5,160
6,167,441,397,838,top_degree,5,160
7,151,374,480,854,top_degree,5,160
8,148,308,549,857,top_degree,5,160
9,140,257,608,865,top_degree,5,160
10,137,206,662,868,top_degree,5,160
11,134,162,709,871,top_degree,5,160
12,133,128,744,872,top_degree,5,160
13,131,100,774,874,top_degree,5,160
14,129,77,799,876,top_degree,5,160
15,127,63,815,878,top_degree,5,160
16,124,56,825,881,top_degree,5,160
17,124,38,843,881,top_degree,5,160
18,123,34,848,882,top_degree,5,160
19,123,26,856,882,top_degree,5,160
20,123,20,862,882,top_degree,5,160
21,122,19,864,883,top_degree,5,160
22,122,16,867,883,top_degree,5,160
23,122,12,871,883,top_degree,5,160
24,122,11,872,883,top_degree,5,160
25,122,8,875,883,top_degree,5,160
0,1004,1,0,1,top_degree,6,160
1,961,44,0,44,top_degree,6,160
2,768,234,3,237,top_degree,6,160
3,411,543,51,594,top_degree,6,160
4,250,618,137,755,top_degree,6,160
5,180,563,262,825,top_degree,6,160
6,162,459,384,843,top_degree,6,160
7,143,376,486,862,top_degree,6,160
8,133,307,565,872,top_degree,6,160
9,129,253,623,876,top_degree,6,160
10,124,202,679,881,top_degree,6,160
11,123,169,713,882,top_degree,6,160
12,121,138,746,884,top_degree,6,160
13,121,109,775,884,top_degree,6,160
14,121,88,796,884,top_degree,6,160
15,121,69,815,884,top_degree,6,160
16,121,57,827,884,top_degree,6,160
17,121,46,838,884,top_degree,6,160
18,121,38,846,884,top_degree,6,160
19,121,33,851,884,top_degree,6,160
20,121,22,862,884,top_degree,6,160
21,120,19,866,885,top_degree,6,160
22,120,12,873,885,top_degree,6,160
23,120,11,874,885,top_degree,6,160
24,120,8,877,885,top_degree,6,160
25,120,4,881,885,top_degree,6,160
0,1004,1,0,1,top_degree,7,160
1,976,28,1,29,top_degree,7,160
2,879,120,6,126,top_degree,7,160
3,573,397,35,432,top_degree,7,160
4,346,555,104,659,top_degree,7,160
5,236,552,217,769,top_degree,7,160
6,191,481,333,814,top_degree,7,160
7,169,408,428,836,top_degree,7,160
8,155,325,525,850,top_degree,7,160
9,151,259,595,854,top_degree,7,160
10,148,215,642,857,top_degree,7,160
11,144,178,683,861,top_degree,7,160
12,140,142,723,865,top_degree,7,160
13,139,115,751,866,top_degree,7,160
14,139,90,776,866,top_degree,7,160
15,139,67,799,866,top_degree,7,160
16,139,55,811,866,top_degree,7,160
17,139,48,818,866,top_degree,7,160
18,139,40,826,866,top_degree,7,160
19,139,30,836,866,top_degree,7,160
20,138,24,843,867,top_degree,7,160
21,138,20,847,867,top_degree,7,160
22,138,11,856,867,top_degree,7,160
23,138,6,861,867,top_degree,7,160
24,138,5,862,867,top_degree,7,160
25,138,3,864,867,top_degree,7,160
0,1004,1,0,1,top_degree,8,160
1,962,42,1,43,top_degree,8,160
2,802,195,8,203,top_degree,8,160
3,464,494,47,541,top_degree,8,160
4,293,556,156,712,top_degree,8,160
5,225,509,271,780,top_degree,8,160
6,189,431,385,816,top_degree,8,160
7,180,347,478,825,top_degree,8,160
8,166,283,556,839,top_degree,8,160
9,157,240,608,848,top_degree,8,160
10,151,196,658,854,top_degree,8,160
11,148,154,703,857,top_degree,8,160
12,147,120,738,858,top_degree,8,160
13,142,94,769,863,top_degree,8,160
14,142,81,782,863,top_degree,8,160
15,140,68,797,865,top_degree,8,160
16,139,55,811,866,top_degree,8,160
17,139,49,817,866,top_degree,8,160
18,138,39,828,867,top_degree,8,160
19,138,32,835,867,top_degree,8,160
20,138,28,839,867,top_degree,8,160
21,137,26,842,868,top_degree,8,160
22,137,22,846,868,top_degree,8,160
23,137,17,851,868,top_degree,8,160
24,137,16,852,868,top_degree,8,160
25,137,14,854,868,top_degree,8,160
0,1004,1,0,1,top_degree,9,160
1,956,49,0,49,top_degree,9,160
2,759,239,7,246,top_degree,9,160
3,432,532,41,573,top_degree,9,160
4,266,599,140,739,top_degree,9,160
5,191,548,266,814,top_degree,9,160
6,160,455,390,845,top_degree,9,160
7,149,373,483,856,top_degree,9,160
8,139,297,569,866,top_degree,9,160
9,138,240,627,867,top_degree,9,160
10,136,186,683,869,top_degree,9,160
11,136,136,733,869,top_degree,9,160
12,128,123,754,877,top_degree,9,160
13,127,107,771,878,top_degree,9,160
14,125,96,784,880,top_degree,9,160
15,125,81,799,880,top_degree,9,160
16,125,70,810,880,top_degree,9,160
17,125,61,819,880,top_degree,9,160
18,125,50,830,880,top_degree,9,160
19,124,42,839,881,top_degree,9,160
20,124,31,850,881,top_degree,9,160
21,124,26,855,881,top_degree,9,160
22,124,22,859,881,top_degree,9,160
23,124,17,864,881,top_degree,9,160
24,123,16,866,882,top_degree,9,160
25,123,10,872,882,top_degree,9,160
0,1004,1,0,1,top_degree,10,160
1,955,50,0,50,top_degree,10,160
2,732,264,9,273,top_degree,10,160
3,384,563,58,621,top_degree,10,160
4,247,588,170,758,top_degree,10,160
5,192,514,299,813,top_degree,10,160
6,162,438,405,843,top_degree,10,160
7,148,362,495,857,top_degree,10,160
8,145,285,575,860,top_degree,10,160
9,139,230,636,866,top_degree,10,160
10,137,190,678,868,top_degree,10,160
11,134,143,728,871,top_degree,10,160
12,133,122,750,872,top_degree,10,160
13,131,97,777,874,top_degree,10,160
14,131,74,800,874,top_degree,10,160
15,131,53,821,874,top_degree,10,160
16,131,41,833,874,top_degree,10,160
17,130,34,841,875,top_degree,10,160
18,129,27,849,876,top_degree,10,160
19,129,25,851,876,top_degree,10,160
20,129,21,855,876,top_degree,10,160
21,129,16,860,876,top_degree,10,160
22,129,10,866,876,top_degree,10,160
23,129,8,868,876,top_degree,10,160
24,129,7,869,876,top_degree,10,160
25,129,5,871,876,top_degree,10,160
0,1004,1,0,1,top_degree,11,160
1,962,43,0,43,top_degree,11,160
2,793,200,12,212,top_degree,11,160
3,446,504,55,559,top_degree,11,160
4,270,565,170,735,top_degree,11,160
5,203,514,288,802,top_degree,11,160
6,177,442,386,828,top_degree,11,160
7,153,371,481,852,top_degree,11,160
8,146,299,560,859,top_degree,11,160
9,141,246,618,864,top_degree,11,160
10,137,206,662,868,top_degree,11,160
11,136,168,701,869,top_degree,11,160
12,133,135,737,872,top_degree,11,160
13,133,103,769,872,top_degree,11,160
14,130,85,790,875,top_degree,11,160
15,130,68,807,875,top_degree,11,160
16,130,52,823,875,top_degree,11,160
17,130,40,835,875,top_degree,11,160
18,129,32,844,876,top_degree,11,160
19,129,23,853,876,top_degree,11,160
20,129,17,859,876,top_degree,11,160
21,129,15,861,876,top_degree,11,160
22,129,12,864,876,top_degree,11,160
23,129,11,865,876,top_degree,11,160
24,129,9,867,876,top_degree,11,160
25,129,5,871,876,top_degree,11,160
0,1004,1,0,1,top_degree,12,160
1,963,41,1,42,top_degree,12,160
2,797,203,5,208,top_degree,12,160
3,467,491,47,538,top_degree,12,160
4,268,600,137,737,top_degree,12,160
5,205,539,261,800,top_degree,12,160
6,170,486,349,835,top_degree,12,160
7,153,390,462,852,top_degree,12,160
8,139,323,543,866,top_degree,12,160
9,134,264,607,871,top_degree,12,160
10,131,232,642,874,top_degree,12,160
11,125,204,676,880,top_degree,12,160
12,124,155,726,881,top_degree,12,160
13,121,128,756,884,top_degree,12,160
14,121,112,772,884,top_degree,12,160
15,121,95,789,884,top_degree,12,160
16,119,81,805,886,top_degree,12,160
17,119,67,819,886,top_degree,12,160
18,119,51,835,886,top_degree,12,160
19,119,37,849,886,top_degree,12,160
20,119,28,858,886,top_degree,12,160
21,119,23,863,886,top_degree,12,160
22,119,19,867,886,top_degree,12,160
23,119,16,870,886,top_degree,12,160
24,119,16,870,886,top_degree,12,160
25,119,13,873,886,top_degree,12,160
0,1004,1,0,1,top_degree,13,160
1,964,41,0,41,top_degree,13,160
2,784,216,5,221,top_degree,13,160
3,415,538,52,590,top_degree,13,160
4,263,588,154,742,top_degree,13,160
5,184,555,266,821,top_degree,13,160
6,166,466,373,839,top_degree,13,160
7,149,387,469,856,top_degree,13,160
8,140,316,549,865,top_degree,13,160
9,130,250,625,875,top_degree,13,160
10,125,212,668,880,top_degree,13,160
11,123,164,718,882,top_degree,13,160
12,122,135,748,883,top_degree,13,160
13,122,96,787,883,top_degree,13,160
14,121,78,806,884,top_degree,13,160
15,121,58,826,884,top_degree,13,160
16,120,51,834,885,top_degree,13,160
17,120,40,845,885,top_degree,13,160
18,120,34,851,885,top_degree,13,160
19,120,27,858,885,top_degree,13,160
20,120,23,862,885,top_degree,13,160
21,120,16,869,885,top_degree,13,160
22,120,14,871,885,top_degree,13,160
23,120,13,872,885,top_degree,13,160
24,120,13,872,885,top_degree,13,160
25,120,12,873,885,top_degree,13,160
0,1004,1,0,1,top_degree,14,160
1,947,58,0,58,top_degree,14,160
2,708,286,11,297,top_degree,14,160
3,381,551,73,624,top_degree,14,160
4,244,581,180,761,top_degree,14,160
5,194,517,294,811,top_degree,14,160
6,164,442,399,841,top_degree,14,160
7,151,375,479,854,top_degree,14,160
8,137,309,559,868,top_degree,14,160
9,132,252,621,873,top_degree,14,160
10,129,201,675,876,top_degree,14,160
11,128,169,708,877,top_degree,14,160
12,124,143,738,881,top_degree,14,160
13,121,121,763,884,top_degree,14,160
14,119,91,795,886,top_degree,14,160
15,119,71,815,886,top_degree,14,160
16,119,54,832,886,top_degree,14,160
17,119,43,843,886,top_degree,14,160
18,119,33,853,886,top_degree,14,160
19,119,25,861,886,top_degree,14,160
20,119,20,866,886,top_degree,14,160
21,119,16,870,886,top_degree,14,160
22,119,13,873,886,top_degree,14,160
23,119,11,875,886,top_degree,14,160
24,119,10,876,886,top_degree,14,160
25,119,8,878,886,top_degree,14,160
0,1004,1,0,1,top_degree,15,160
1,959,45,1,46,top_degree,15,160
2,802,195,8,203,top_degree,15,160
3,457,499,49,548,top_degree,15,160
4,257,605,143,748,top_degree,15,160
5,198,540,267,807,top_degree,15,160
6,176,463,366,829,top_degree,15,160
7,159,390,456,846,top_degree,15,160
8,148,319,538,857,top_degree,15,160
9,145,253,607,860,top_degree,15,160
10,141,210,654,864,top_degree,15,160
11,137,173,695,868,top_degree,15,160
12,137,138,730,868,top_degree,15,160
13,135,115,755,870,top_degree,15,160
14,134,99,772,871,top_degree,15,160
15,134,84,787,871,top_degree,15,160
16,133,70,802,872,top_degree,15,160
17,132,56,817,873,top_degree,15,160
18,132,44,829,873,top_degree,15,160
19,132,37,836,873,top_degree,15,160
20,132,28,845,873,top_degree,15,160
21,132,22,851,873,top_degree,15,160
22,131,20,854,874,top_degree,15,160
23,131,15,859,874,top_degree,15,160
24,131,11,863,874,top_degree,15,160
25,131,9,865,874,top_degree,15,160
0,1004,1,0,1,top_degree,16,160
1,966,39,0,39,top_degree,16,160
2,784,213,8,221,top_degree,16,160
3,455,503,47,550,top_degree,16,160
4,262,574,169,743,top_degree,16,160
5,209,512,284,796,top_degree,16,160
6,170,445,390,835,top_degree,16,160
7,157,366,482,848,top_degree,16,160
8,148,306,551,857,top_degree,16,160
9,143,258,604,862,top_degree,16,160
10,140,206,659,865,top_degree,16,160
11,139,169,697,866,top_degree,16,160
12,136,142,727,869,top_degree,16,160
13,136,112,757,869,top_degree,16,160
14,135,89,781,870,top_degree,16,160
15,135,69,801,870,top_degree,16,160
16,134,47,824,871,top_degree,16,160
17,134,39,832,871,top_degree,16,160
18,134,31,840,871,top_degree,16,160
19,134,22,849,871,top_degree,16,160
20,134,19,852,871,top_degree,16,160
21,134,14,857,871,top_degree,16,160
22,134,14,857,871,top_degree,16,160
23,134,11,860,871,top_degree,16,160
24,134,11,860,871,top_degree,16,160
25,134,7,864,871,top_degree,16,160
0,1004,1,0,1,top_degree,17,160
1,953,52,0,52,top_degree,17,160
2,761,234,10,244,top_degree,17,160
3,411,544,50,594,top_degree,17,160
4,261,576,168,744,top_degree,17,160
5,206,520,279,799,top_degree,17,160
6,183,442,380,822,top_degree,17,160
7,169,368,468,836,top_degree,17,160
8,159,300,546,846,top_degree,17,160
9,153,244,608,852,top_degree,17,160
10,145,190,670,860,top_degree,17,160
11,140,155,710,865,top_degree,17,160
12,136,125,744,869,top_degree,17,160
13,136,102,767,869,top_degree,17,160
14,136,84,785,869,top_degree,17,160
15,135,64,806,870,top_degree,17,160
16,135,52,818,870,top_degree,17,160
17,134,43,828,871,top_degree,17,160
18,134,34,837,871,top_degree,17,160
19,134,27,844,871,top_degree,17,160
20,134,20,851,871,top_degree,17,160
21,134,16,855,871,top_degree,17,160
22,134,14,857,871,top_degree,17,160
23,134,11,860,871,top_degree,17,160
24,134,11,860,871,top_degree,17,160
25,134,11,860,871,top_degree,17,160
0,1004,1,0,1,top_degree,18,160
1,958,47,0,47,top_degree,18,160
2,776,221,8,229,top_degree,18,160
3,451,500,54,554,top_degree,18,160
4,272,578,155,733,top_degree,18,160
5,215,512,278,790,top_degree,18,160
6,182,438,385,823,top_degree,18,160
7,167,377,461,838,top_degree,18,160
8,158,295,552,847,top_degree,18,160
9,152,237,616,853,top_degree,18,160
10,147,192,666,858,top_degree,18,160
11,146,146,713,859,top_degree,18,160
12,145,118,742,860,top_degree,18,160
13,143,96,766,862,top_degree,18,160
14,142,73,790,863,top_degree,18,160
15,139,56,810,866,top_degree,18,160
16,138,48,819,867,top_degree,18,160
17,138,38,829,867,top_degree,18,160
18,138,34,833,867,top_degree,18,160
19,138,25,842,867,top_degree,18,160
20,138,19,848,867,top_degree,18,160
21,138,16,851,867,top_degree,18,160
22,138,16,851,867,top_degree,18,160
23,138,14,853,867,top_degree,18,160
24,138,10,857,867,top_degree,18,160
25,138,7,860,867,top_degree,18,160
0,1004,1,0,1,top_degree,19,160
1,969,36,0,36,top_degree,19,160
2,829,165,11,176,top_degree,19,160
3,484,470,51,521,top_degree,19,160
4,287,572,146,718,top_degree,19,160
5,202,528,275,803,top_degree,19,160
6,166,465,374,839,top_degree,19,160
7,145,386,474,860,top_degree,19,160
8,137,314,554,868,top_degree,19,160
9,132,253,620,873,top_degree,19,160
10,129,206,670,876,top_degree,19,160
11,127,148,730,878,top_degree,19,160
12,126,119,760,879,top_degree,19,160
13,125,97,783,880,top_degree,19,160
14,125,75,805,880,top_degree,19,160
15,125,64,816,880,top_degree,19,160
16,125,48,832,880,top_degree,19,160
17,124,42,839,881,top_degree,19,160
18,124,37,844,881,top_degree,19,160
19,123,35,847,882,top_degree,19,160
20,123,23,859,882,top_degree,19,160
21,123,19,863,882,top_degree,19,160
22,123,14,868,882,top_degree,19,160
23,123,10,872,882,top_degree,19,160
24,123,10,872,882,top_degree,19,160
25,123,7,875,882,top_degree,19,160
0,1004,1,0,1,top_degree,20,160
1,971,34,0,34,top_degree,20,160
2,821,179,5,184,top_degree,20,160
3,454,511,40,551,top_degree,20,160
4,276,582,147,729,top_degree,20,160
5,213,531,261,792,top_degree,20,160
6,184,460,361,821,top_degree,20,160
7,169,383,453,836,top_degree,20,160
8,154,328,523,851,top_degree,20,160
9,142,267,596,863,top_degree,20,160
10,135,217,653,870,top_degree,20,160
11,134,171,700,871,top_degree,20,160
12,132,139,734,873,top_degree,20,160
13,131,107,767,874,top_degree,20,160
14,131,84,790,874,top_degree,20,160
15,130,66,809,875,top_degree,20,160
16,129,52,824,876,top_degree,20,160
17,128,40,837,877,top_degree,20,160
18,128,34,843,877,top_degree,20,160
19,128,31,846,877,top_degree,20,160
20,128,22,855,877,top_degree,20,160
21,128,18,859,877,top_degree,20,160
22,128,12,865,877,top_degree,20,160
23,128,10,867,877,top_degree,20,160
24,128,8,869,877,top_degree,20,160
25,128,8,869,877,top_degree,20,160
0,1004,1,0,1,top_degree,21,160
1,963,42,0,42,top_degree,21,160
2,763,228,14,242,top_degree,21,160
3,433,514,58,572,top_degree,21,160
4,255,575,175,750,top_degree,21,160
5,210,481,314,795,top_degree,21,160
6,187,404,414,818,top_degree,21,160
7,172,344,489,833,top_degree,21,160
8,161,293,551,844,top_degree,21,160
9,153,237,615,852,top_degree,21,160
10,148,198,659,857,top_degree,21,160
11,147,155,703,858,top_degree,21,160
12,143,130,732,862,top_degree,21,160
13,140,105,760,865,top_degree,21,160
14,138,90,777,867,top_degree,21,160
15,135,75,795,870,top_degree,21,160
16,133,55,817,872,top_degree,21,160
17,133,48,824,872,top_degree,21,160
18,133,40,832,872,top_degree,21,160
19,132,36,837,873,top_degree,21,160
20,132,27,846,873,top_degree,21,160
21,132,18,855,873,top_degree,21,160
22,132,12,861,873,top_degree,21,160
23,132,8,865,873,top_degree,21,160
24,132,5,868,873,top_degree,21,160
25,132,4,869,873,top_degree,21,160
0,1004,1,0,1,top_degree,22,160
1,956,49,0,49,top_degree,22,160
2,756,244,5,249,top_degree,22,160
3,438,512,55,567,top_degree,22,160
4,261,600,144,744,top_degree,22,160
5,201,544,260,804,top_degree,22,160
6,175,454,376,830,top_degree,22,160
7,158,377,470,847,top_degree,22,160
8,149,315,541,856,top_degree,22,160
9,142,262,601,863,top_degree,22,160
10,138,215,652,867,top_degree,22,160
11,137,175,693,868,top_degree,22,160
12,135,148,722,870,top_degree,22,160
13,133,128,744,872,top_degree,22,160
14,133,101,771,872,top_degree,22,160
15,132,81,792,873,top_degree,22,160
16,132,62,811,873,top_degree,22,160
17,132,50,823,873,top_degree,22,160
18,132,40,833,873,top_degree,22,160
19,132,31,842,873,top_degree,22,160
20,131,23,851,874,top_degree,22,160
21,131,23,851,874,top_degree,22,160
22,131,19,855,874,top_degree,22,160
23,131,12,862,874,top_degree,22,160
24,131,11,863,874,top_degree,22,160
25,131,8,866,874,top_degree,22,160
0,1004,1,0,1,top_degree,23,160
1,970,34,1,35,top_degree,23,160
2,841,158,6,164,top_degree,23,160
3,510,464,31,495,top_degree,23,160
4,290,582,133,715,top_degree,23,160
5,207,542,256,798,top_degree,23,160
6,177,469,359,828,top_degree,23,160
7,164,393,448,841,top_degree,23,160
8,152,325,528,853,top_degree,23,160
9,147,249,609,858,top_degree,23,160
10,143,210,652,862,top_degree,23,160
11,141,179,685,864,top_degree,23,160
12,138,147,720,867,top_degree,23,160
13,136,118,751,869,top_degree,23,160
14,135,100,770,870,top_degree,23,160
15,135,77,793,870,top_degree,23,160
16,133,60,812,872,top_degree,23,160
17,133,46,826,872,top_degree,23,160
18,133,36,836,872,top_degree,23,160
19,132,31,842,873,top_degree,23,160
20,132,26,847,873,top_degree,23,160
21,132,21,852,873,top_degree,23,160
22,132,18,855,873,top_degree,23,160
23,132,17,856,873,top_degree,23,160
24,132,16,857,873,top_degree,23,160
25,132,14,859,873,top_degree,23,160
0,1004,1,0,1,top_degree,24,160
1,968,37,0,37,top_degree,24,160
2,794,207,4,211,top_degree,24,160
3,465,497,43,540,top_degree,24,160
4,277,591,137,728,top_degree,24,160
5,211,537,257,794,top_degree,24,160
6,167,471,367,838,top_degree,24,160
7,150,401,454,855,top_degree,24,160
8,135,318,552,870,top_degree,24,160
9,129,261,615,876,top_degree,24,160
10,127,215,663,878,top_degree,24,160
11,125,162,718,880,top_degree,24,160
12,125,131,749,880,top_degree,24,160
13,123,98,784,882,top_degree,24,160
14,122,81,802,883,top_degree,24,160
15,122,61,822,883,top_degree,24,160
16,122,50,833,883,top_degree,24,160
17,122,39,844,883,top_degree,24,160
18,122,34,849,883,top_degree,24,160
19,122,29,854,883,top_degree,24,160
20,122,24,859,883,top_degree,24,160
21,122,18,865,883,top_degree,24,160
22,122,15,868,883,top_degree,24,160
23,122,12,871,883,top_degree,24,160
24,122,11,872,883,top_degree,24,160
25,122,9,874,883,top_degree,24,160
0,1004,1,0,1,top_degree,25,160
1,966,39,0,39,top_degree,25,160
2,785,213,7,220,top_degree,25,160
3,444,511,50,561,top_degree,25,160
4,263,583,159,742,top_degree,25,160
5,200,525,280,805,top_degree,25,160
6,178,443,384,827,top_degree,25,160
7,164,356,485,841,top_degree,25,160
8,145,308,552,860,top_degree,25,160
9,143,235,627,862,top_degree,25,160
10,138,195,672,867,top_degree,25,160
11,137,156,712,868,top_degree,25,160
12,137,130,738,868,top_degree,25,160
13,136,106,763,869,top_degree,25,160
14,136,84,785,869,top_degree,25,160
15,134,69,802,871,top_degree,25,160
16,134,65,806,871,top_degree,25,160
17,133,49,823,872,top_degree,25,160
18,132,34,839,873,top_degree,25,160
19,132,28,845,873,top_degree,25,160
20,132,23,850,873,top_degree,25,160
21,132,17,856,873,top_degree,25,160
22,131,16,858,874,top_degree,25,160
23,131,13,861,874,top_degree,25,160
24,131,12,862,874,top_degree,25,160
25,131,11,863,874,top_degree,25,160
0,1004,1,0,1,top_degree,26,160
1,959,46,0,46,top_degree,26,160
2,760,231,14,245,top_degree,26,160
3,435,510,60,570,top_degree,26,160
4,268,561,176,737,top_degree,26,160
5,208,494,303,797,top_degree,26,160
6,178,426,401,827,top_degree,26,160
7,158,367,480,847,top_degree,26,160
8,148,319,538,857,top_degree,26,160
9,144,262,599,861,top_degree,26,160
10,141,217,647,864,top_degree,26,160
11,136,177,692,869,top_degree,26,160
12,134,144,727,871,top_degree,26,160
13,133,112,760,872,top_degree,26,160
14,133,86,786,872,top_degree,26,160
15,132,76,797,873,top_degree,26,160
16,132,57,816,873,top_degree,26,160
17,132,47,826,873,top_degree,26,160
18,132,35,838,873,top_degree,26,160
19,132,33,840,873,top_degree,26,160
20,132,26,847,873,top_degree,26,160
21,132,16,857,873,top_degree,26,160
22,132,13,860,873,top_degree,26,160
23,132,11,862,873,top_degree,26,160
24,132,8,865,873,top_degree,26,160
25,132,2,871,873,top_degree,26,160
0,1004,1,0,1,top_degree,27,160
1,963,42,0,42,top_degree,27,160
2,803,196,6,202,top_degree,27,160
3,446,509,50,559,top_degree,27,160
4,264,575,166,741,top_degree,27,160
5,202,516,287,803,top_degree,27,160
6,179,434,392,826,top_degree,27,160
7,164,348,493,841,top_degree,27,160
8,154,291,560,851,top_degree,27,160
9,147,248,610,858,top_degree,27,160
10,143,208,654,862,top_degree,27,160
11,139,162,704,866,top_degree,27,160
12,137,137,731,868,top_degree,27,160
13,134,118,753,871,top_degree,27,160
14,133,94,778,872,top_degree,27,160
15,132,78,795,873,top_degree,27,160
16,132,62,811,873,top_degree,27,160
17,132,49,824,873,top_degree,27,160
18,131,42,832,874,top_degree,27,160
19,130,33,842,875,top_degree,27,160
20,129,28,848,876,top_degree,27,160
21,129,23,853,876,top_degree,27,160
22,129,17,859,876,top_degree,27,160
23,129,16,860,876,top_degree,27,160
24,129,14,862,876,top_degree,27,160
25,129,11,865,876,top_degree,27,160
0,1004,1,0,1,top_degree,28,160
1,973,32,0,32,top_degree,28,160
2,841,160,4,164,top_degree,28,160
3,497,473,35,508,top_degree,28,160
4,281,589,135,724,top_degree,28,160
5,209,540,256,796,top_degree,28,160
6,185,462,358,820,top_degree,28,160
7,165,390,450,840,top_degree,28,160
8,152,332,521,853,top_degree,28,160
9,146,270,589,859,top_degree,28,160
10,143,234,628,862,top_degree,28,160
11,137,186,682,868,top_degree,28,160
12,135,150,720,870,top_degree,28,160
13,133,119,753,872,top_degree,28,160
14,131,89,785,874,top_degree,28,160
15,130,70,805,875,top_degree,28,160
16,130,61,814,875,top_degree,28,160
17,129,55,821,876,top_degree,28,160
18,128,46,831,877,top_degree,28,160
19,128,36,841,877,top_degree,28,160
20,128,32,845,877,top_degree,28,160
21,128,24,853,877,top_degree,28,160
22,127,18,860,878,top_degree,28,160
23,127,13,865,878,top_degree,28,160
24,127,11,867,878,top_degree,28,160
25,127,9,869,878,top_degree,28,160
0,1004,1,0,1,top_degree,29,160
1,953,52,0,52,top_degree,29,160
2,761,236,8,244,top_degree,29,160
3,411,541,53,594,top_degree,29,160
4,256,596,153,749,top_degree,29,160
5,198,542,265,807,top_degree,29,160
6,178,452,375,827,top_degree,29,160
7,158,381,466,847,top_degree,29,160
8,149,321,535,856,top_degree,29,160
9,145,256,604,860,top_degree,29,160
10,145,208,652,860,top_degree,29,160
11,143,165,697,862,top_degree,29,160
12,142,132,731,863,top_degree,29,160
13,141,102,762,864,top_degree,29,160
14,141,76,788,864,top_degree,29,160
15,141,55,809,864,top_degree,29,160
16,141,47,817,864,top_degree,29,160
17,141,34,830,864,top_degree,29,160
18,140,29,836,865,top_degree,29,160
19,140,23,842,865,top_degree,29,160
20,140,17,848,865,top_degree,29,160
21,140,13,852,865,top_degree,29,160
22,140,5,860,865,top_degree,29,160
23,139,5,861,866,top_degree,29,160
24,138,6,861,867,top_degree,29,160
25,138,5,862,867,top_degree,29,160
0,1004,1,0,1,random,0,379
1,999,6,0,6,random,0,379
2,968,37,0,37,random,0,379
3,815,181,9,190,random,0,379
4,467,482,56,538,random,0,379
5,297,566,142,708,random,0,379
6,221,542,242,784,random,0,379
7,191,462,352,814,random,0,379
8,171,380,454,834,random,0,379
9,166,311,528,839,random,0,379
10,155,270,580,850,random,0,379
11,151,236,618,854,random,0,379
12,147,196,662,858,random,0,379
13,142,158,705,863,random,0,379
14,141,131,733,864,random,0,379
15,141,101,763,864,random,0,379
16,141,81,783,864,random,0,379
17,141,66,798,864,random,0,379
18,141,55,809,864,random,0,379
19,141,48,816,864,random,0,379
20,141,36,828,864,random,0,379
21,141,27,837,864,random,0,379
22,141,23,841,864,random,0,379
23,141,20,844,864,random,0,379
24,141,16,848,864,random,0,379
25,141,13,851,864,random,0,379
0,1004,1,0,1,random,1,686
1,1003,2,0,2,random,1,686
0,1004,1,0,1,random,2,623
1,1003,2,0,2,random,2,623
2,988,17,0,17,random,2,623
3,899,100,6,106,random,2,623
4,591,386,28,414,random,2,623
5,326,573,106,679,random,2,623
6,237,541,227,768,random,2,623
7,187,469,349,818,random,2,623
8,167,405,433,838,random,2,623
9,154,336,515,851,random,2,623
10,146,271,588,859,random,2,623
11,140,208,657,865,random,2,623
12,137,166,702,868,random,2,623
13,135,136,734,870,random,2,623
14,133,107,765,872,random,2,623
15,133,81,791,872,random,2,623
16,133,64,808,872,random,2,623
17,133,50,822,872,random,2,623
18,132,37,836,873,random,2,623
19,132,30,843,873,random,2,623
20,132,24,849,873,random,2,623
21,132,21,852,873,random,2,623
22,132,16,857,873,random,2,623
23,132,11,862,873,random,2,623
24,132,7,866,873,random,2,623
25,132,5,868,873,random,2,623
0,1004,1,0,1,random,3,546
1,999,6,0,6,random,3,546
2,958,47,0,47,random,3,546
3,727,269,9,278,random,3,546
4,393,533,79,612,random,3,546
5,248,570,187,757,random,3,546
6,196,509,300,809,random,3,546
7,168,432,405,837,random,3,546
8,152,379,474,853,random,3,546
9,146,300,559,859,random,3,546
10,141,246,618,864,random,3,546
11,138,207,660,867,random,3,546
12,137,170,698,868,random,3,546
13,134,136,735,871,random,3,546
14,132,110,763,873,random,3,546
15,131,88,786,874,random,3,546
16,130,72,803,875,random,3,546
17,130,57,818,875,random,3,546
18,130,49,826,875,random,3,546
19,130,39,836,875,random,3,546
20,129,32,844,876,random,3,546
21,129,29,847,876,random,3,546
22,129,23,853,876,random,3,546
23,129,17,859,876,random,3,546
24,129,12,864,876,random,3,546
25,129,8,868,876,random,3,546
0,1004,1,0,1,random,4,167
1,994,11,0,11,random,4,167
2,945,59,1,60,random,4,167
3,748,239,18,257,random,4,167
4,418,509,78,587,random,4,167
5,253,567,185,752,random,4,167
6,210,493,302,795,random,4,167
7,182,404,419,823,random,4,167
8,164,349,492,841,random,4,167
9,153,293,559,852,random,4,167
10,145,234,626,860,random,4,167
11,143,181,681,862,random,4,167
12,140,150,715,865,random,4,167
13,139,117,749,866,random,4,167
14,138,90,777,867,random,4,167
15,138,69,798,867,random,4,167
16,138,56,811,867,random,4,167
17,138,41,826,867,random,4,167
18,138,38,829,867,random,4,167
19,138,29,838,867,random,4,167
20,138,26,841,867,random,4,167
21,137,21,847,868,random,4,167
22,137,17,851,868,random,4,167
23,137,14,854,868,random,4,167
24,137,13,855,868,random,4,167
25,137,10,858,868,random,4,167
0,1004,1,0,1,random,5,276
1,1003,1,1,2,random,5,276
2,997,6,2,8,random,5,276
3,972,30,3,33,random,5,276
4,850,147,8,155,random,5,276
5,531,439,35,474,random,5,276
6,291,585,129,714,random,5,276
7,208,541,256,797,random,5,276
8,177,448,380,828,random,5,276
9,162,390,453,843,random,5,276
10,152,334,519,853,random,5,276
11,147,279,579,858,random,5,276
12,143,235,627,862,random,5,276
13,143,195,667,862,random,5,276
14,140,167,698,865,random,5,276
15,138,145,722,867,random,5,276
16,137,118,750,868,random,5,276
17,136,88,781,869,random,5,276
18,136,78,791,869,random,5,276
19,136,66,803,869,random,5,276
20,136,52,817,869,random,5,276
21,135,43,827,870,random,5,276
22,135,36,834,870,random,5,276
23,135,28,842,870,random,5,276
24,135,27,843,870,random,5,276
25,135,23,847,870,random,5,276
0,1004,1,0,1,random,6,701
1,1004,1,0,1,random,6,701
2,1004,1,0,1,random,6,701
3,1004,1,0,1,random,6,701
4,1004,1,0,1,random,6,701
0,1004,1,0,1,random,7,841
1,1003,2,0,2,random,7,841
2,1001,4,0,4,random,7,841
3,988,15,2,17,random,7,841
4,925,74,6,80,random,7,841
5,723,257,25,282,random,7,841
6,404,523,78,601,random,7,841
7,264,572,169,741,random,7,841
8,207,530,268,798,random,7,841
9,177,463,365,828,random,7,841
10,159,383,463,846,random,7,841
11,146,312,547,859,random,7,841
12,139,264,602,866,random,7,841
13,135,206,664,870,random,7,841
14,131,162,712,874,random,7,841
15,128,134,743,877,random,7,841
16,127,112,766,878,random,7,841
17,125,94,786,880,random,7,841
18,125,77,803,880,random,7,841
19,125,60,820,880,random,7,841
20,124,48,833,881,random,7,841
21,124,37,844,881,random,7,841
22,123,28,854,882,random,7,841
23,123,20,862,882,random,7,841
24,123,18,864,882,random,7,841
25,123,14,868,882,random,7,841
0,1004,1,0,1,random,8,274
1,1003,1,1,2,random,8,274
2,999,5,1,6,random,8,274
3,977,27,1,28,random,8,274
4,867,136,2,138,random,8,274
5,560,422,23,445,random,8,274
6,303,607,95,702,random,8,274
7,213,581,211,792,random,8,274
8,179,490,336,826,random,8,274
9,156,412,437,849,random,8,274
10,143,331,531,862,random,8,274
11,138,262,605,867,random,8,274
12,133,213,659,872,random,8,274
13,130,176,699,875,random,8,274
14,128,141,736,877,random,8,274
15,126,112,767,879,random,8,274
16,122,86,797,883,random,8,274
17,122,67,816,883,random,8,274
18,120,59,826,885,random,8,274
19,120,50,835,885,random,8,274
20,120,41,844,885,random,8,274
21,120,28,857,885,random,8,274
22,120,21,864,885,random,8,274
23,120,18,867,885,random,8,274
24,120,11,874,885,random,8,274
25,120,6,879,885,random,8,274
0,1004,1,0,1,random,9,935
1,1004,1,0,1,random,9,935
2,1004,1,0,1,random,9,935
3,1004,1,0,1,random,9,935
4,1004,1,0,1,random,9,935
5,1003,2,0,2,random,9,935
6,1000,5,0,5,random,9,935
7,981,23,1,24,random,9,935
8,890,112,3,115,random,9,935
9,618,364,23,387,random,9,935
10,346,566,93,659,random,9,935
11,232,569,204,773,random,9,935
12,189,496,320,816,random,9,935
13,167,415,423,838,random,9,935
14,150,348,507,855,random,9,935
15,142,289,574,863,random,9,935
16,140,240,625,865,random,9,935
17,139,186,680,866,random,9,935
18,137,155,713,868,random,9,935
19,136,126,743,869,random,9,935
20,134,100,771,871,random,9,935
21,133,82,790,872,random,9,935
22,132,65,808,873,random,9,935
23,132,51,822,873,random,9,935
24,132,38,835,873,random,9,935
25,131,32,842,874,random,9,935
0,1004,1,0,1,random,10,671
1,1003,2,0,2,random,10,671
2,992,13,0,13,random,10,671
3,890,115,0,115,random,10,671
4,600,385,20,405,random,10,671
5,328,580,97,677,random,10,671
6,223,579,203,782,random,10,671
7,175,522,308,830,random,10,671
8,151,438,416,854,random,10,671
9,136,358,511,869,random,10,671
10,130,282,593,875,random,10,671
11,126,232,647,879,random,10,671
12,123,179,703,882,random,10,671
13,122,137,746,883,random,10,671
14,121,112,772,884,random,10,671
15,120,89,796,885,random,10,671
16,119,73,813,886,random,10,671
17,119,60,826,886,random,10,671
18,119,44,842,886,random,10,671
19,119,33,853,886,random,10,671
20,119,25,861,886,random,10,671
21,119,19,867,886,random,10,671
22,119,14,872,886,random,10,671
23,119,11,875,886,random,10,671
24,119,9,877,886,random,10,671
25,118,8,879,887,random,10,671
0,1004,1,0,1,random,11,905
1,1002,2,1,3,random,11,905
2,994,10,1,11,random,11,905
3,935,67,3,70,random,11,905
4,688,302,15,317,random,11,905
5,380,561,64,625,random,11,905
6,250,571,184,755,random,11,905
7,198,500,307,807,random,11,905
8,172,430,403,833,random,11,905
9,157,360,488,848,random,11,905
10,150,299,556,855,random,11,905
11,144,244,617,861,random,11,905
12,139,191,675,866,random,11,905
13,138,156,711,867,random,11,905
14,136,133,736,869,random,11,905
15,135,109,761,870,random,11,905
16,135,92,778,870,random,11,905
17,134,73,798,871,random,11,905
18,134,58,813,871,random,11,905
19,134,48,823,871,random,11,905
20,133,42,830,872,random,11,905
21,133,37,835,872,random,11,905
22,133,31,841,872,random,11,905
23,133,23,849,872,random,11,905
24,133,19,853,872,random,11,905
25,133,16,856,872,random,11,905
0,1004,1,0,1,random,12,271
1,1000,4,1,5,random,12,271
2,978,25,2,27,random,12,271
3,837,162,6,168,random,12,271
4,509,447,49,496,random,12,271
5,288,572,145,717,random,12,271
6,216,532,257,789,random,12,271
7,185,457,363,820,random,12,271
8,162,402,441,843,random,12,271
9,148,343,514,857,random,12,271
10,140,285,580,865,random,12,271
11,137,245,623,868,random,12,271
12,134,205,666,871,random,12,271
13,130,161,714,875,random,12,271
14,127,132,746,878,random,12,271
15,126,111,768,879,random,12,271
16,126,88,791,879,random,12,271
17,126,71,808,879,random,12,271
18,126,60,819,879,random,12,271
19,126,46,833,879,random,12,271
20,126,36,843,879,random,12,271
21,126,29,850,879,random,12,271
22,126,21,858,879,random,12,271
23,126,15,864,879,random,12,271
24,126,13,866,879,random,12,271
25,126,8,871,879,random,12,271
0,1004,1,0,1,random,13,762
1,1004,1,0,1,random,13,762
0,1004,1,0,1,random,14,919
1,1003,1,1,2,random,14,919
2,995,9,1,10,random,14,919
3,955,47,3,50,random,14,919
4,744,251,10,261,random,14,919
5,412,531,62,593,random,14,919
6,249,604,152,756,random,14,919
7,190,537,278,815,random,14,919
8,150,474,381,855,random,14,919
9,144,387,474,861,random,14,919
10,132,330,543,873,random,14,919
11,128,269,608,877,random,14,919
12,125,217,663,880,random,14,919
13,125,185,695,880,random,14,919
14,124,138,743,881,random,14,919
15,124,113,768,881,random,14,919
16,124,92,789,881,random,14,919
17,123,71,811,882,random,14,919
18,123,52,830,882,random,14,919
19,123,37,845,882,random,14,919
20,123,28,854,882,random,14,919
21,123,25,857,882,random,14,919
22,123,18,864,882,random,14,919
23,123,14,868,882,random,14,919
24,123,13,869,882,random,14,919
25,123,11,871,882,random,14,919
0,1004,1,0,1,random,15,370
1,996,9,0,9,random,15,370
2,952,53,0,53,random,15,370
3,735,261,9,270,random,15,370
4,430,523,52,575,random,15,370
5,258,576,171,747,random,15,370
6,198,516,291,807,random,15,370
7,173,446,386,832,random,15,370
8,166,365,474,839,random,15,370
9,157,312,536,848,random,15,370
10,150,263,592,855,random,15,370
11,145,231,629,860,random,15,370
12,144,186,675,861,random,15,370
13,144,156,705,861,random,15,370
14,141,129,735,864,random,15,370
15,141,102,762,864,random,15,370
16,140,80,785,865,random,15,370
17,139,61,805,866,random,15,370
18,139,53,813,866,random,15,370
19,139,43,823,866,random,15,370
20,139,32,834,866,random,15,370
21,139,26,840,866,random,15,370
22,139,20,846,866,random,15,370
23,139,16,850,866,random,15,370
24,139,14,852,866,random,15,370
25,139,13,853,866,random,15,370
0,1004,1,0,1,random,16,521
1,1002,3,0,3,random,16,521
2,1000,5,0,5,random,16,521
3,996,8,1,9,random,16,521
4,978,24,3,27,random,16,521
5,864,132,9,141,random,16,521
6,525,448,32,480,random,16,521
7,268,604,133,737,random,16,521
8,204,563,238,801,random,16,521
9,176,480,349,829,random,16,521
10,159,402,444,846,random,16,521
11,141,342,522,864,random,16,521
12,135,278,592,870,random,16,521
13,132,218,655,873,random,16,521
14,126,183,696,879,random,16,521
15,125,155,725,880,random,16,521
16,125,125,755,880,random,16,521
17,125,103,777,880,random,16,521
18,123,77,805,882,random,16,521
19,122,69,814,883,random,16,521
20,122,59,824,883,random,16,521
21,122,50,833,883,random,16,521
22,122,41,842,883,random,16,521
23,122,35,848,883,random,16,521
24,122,26,857,883,random,16,521
25,122,22,861,883,random,16,521
0,1004,1,0,1,random,17,773
1,1004,1,0,1,random,17,773
2,1003,2,0,2,random,17,773
3,990,14,1,15,random,17,773
4,878,121,6,127,random,17,773
5,560,417,28,445,random,17,773
6,317,580,108,688,random,17,773
7,225,561,219,780,random,17,773
8,182,494,329,823,random,17,773
9,156,422,427,849,random,17,773
10,147,359,499,858,random,17,773
11,144,304,557,861,random,17,773
12,135,259,611,870,random,17,773
13,133,213,659,872,random,17,773
14,133,165,707,872,random,17,773
15,130,145,730,875,random,17,773
16,130,116,759,875,random,17,773
17,130,91,784,875,random,17,773
18,128,72,805,877,random,17,773
19,128,57,820,877,random,17,773
20,128,46,831,877,random,17,773
21,128,37,840,877,random,17,773
22,128,34,843,877,random,17,773
23,128,31,846,877,random,17,773
24,128,23,854,877,random,17,773
25,128,18,859,877,random,17,773
0,1004,1,0,1,random,18,642
1,1003,1,1,2,random,18,642
2,972,32,1,33,random,18,642
3,806,193,6,199,random,18,642
4,494,461,50,511,random,18,642
5,289,575,141,716,random,18,642
6,206,543,256,799,random,18,642
7,178,462,365,827,random,18,642
8,163,388,454,842,random,18,642
9,149,315,541,856,random,18,642
10,144,260,601,861,random,18,642
11,140,208,657,865,random,18,642
12,138,169,698,867,random,18,642
13,134,135,736,871,random,18,642
14,134,108,763,871,random,18,642
15,134,85,786,871,random,18,642
16,134,67,804,871,random,18,642
17,134,54,817,871,random,18,642
18,133,49,823,872,random,18,642
19,131,39,835,874,random,18,642
20,130,32,843,875,random,18,642
21,130,25,850,875,random,18,642
22,130,22,853,875,random,18,642
23,130,19,856,875,random,18,642
24,130,16,859,875,random,18,642
25,130,11,864,875,random,18,642
0,1004,1,0,1,random,19,610
1,1003,2,0,2,random,19,610
2,1000,3,2,5,random,19,610
3,995,7,3,10,random,19,610
4,945,55,5,60,random,19,610
5,733,258,14,272,random,19,610
6,399,547,59,606,random,19,610
7,255,575,175,750,random,19,610
8,204,524,277,801,random,19,610
9,177,441,387,828,random,19,610
10,162,365,478,843,random,19,610
11,150,311,544,855,random,19,610
12,147,246,612,858,random,19,610
13,143,205,657,862,random,19,610
14,135,168,702,870,random,19,610
15,130,128,747,875,random,19,610
16,129,101,775,876,random,19,610
17,129,83,793,876,random,19,610
18,128,64,813,877,random,19,610
19,128,50,827,877,random,19,610
20,128,38,839,877,random,19,610
21,128,25,852,877,random,19,610
22,128,23,854,877,random,19,610
23,128,16,861,877,random,19,610
24,128,13,864,877,random,19,610
25,128,10,867,877,random,19,610
0,1004,1,0,1,random,20,390
1,995,10,0,10,random,20,390
2,964,40,1,41,random,20,390
3,810,182,13,195,random,20,390
4,467,493,45,538,random,20,390
5,268,584,153,737,random,20,390
6,198,534,273,807,random,20,390
7,157,471,377,848,random,20,390
8,140,392,473,865,random,20,390
9,134,310,561,871,random,20,390
10,128,254,623,877,random,20,390
11,125,208,672,880,random,20,390
12,124,169,712,881,random,20,390
13,122,134,749,883,random,20,390
14,118,113,774,887,random,20,390
15,118,88,799,887,random,20,390
16,117,73,815,888,random,20,390
17,116,60,829,889,random,20,390
18,116,51,838,889,random,20,390
19,115,43,847,890,random,20,390
20,115,33,857,890,random,20,390
21,115,29,861,890,random,20,390
22,115,25,865,890,random,20,390
23,115,23,867,890,random,20,390
24,115,18,872,890,random,20,390
25,115,13,877,890,random,20,390
0,1004,1,0,1,random,21,696
1,1004,1,0,1,random,21,696
0,1004,1,0,1,random,22,698
1,1000,5,0,5,random,22,698
2,989,15,1,16,random,22,698
3,922,81,2,83,random,22,698
4,687,294,24,318,random,22,698
5,393,530,82,612,random,22,698
6,249,570,186,756,random,22,698
7,191,516,298,814,random,22,698
8,166,439,400,839,random,22,698
9,153,373,479,852,random,22,698
10,145,316,544,860,random,22,698
11,140,256,609,865,random,22,698
12,137,197,671,868,random,22,698
13,134,151,720,871,random,22,698
14,130,126,749,875,random,22,698
15,130,101,774,875,random,22,698
16,130,76,799,875,random,22,698
17,129,55,821,876,random,22,698
18,129,37,839,876,random,22,698
19,129,31,845,876,random,22,698
20,129,28,848,876,random,22,698
21,129,19,857,876,random,22,698
22,128,17,860,877,random,22,698
23,128,12,865,877,random,22,698
24,128,9,868,877,random,22,698
25,127,9,869,878,random,22,698
0,1004,1,0,1,random,23,787
1,1004,1,0,1,random,23,787
2,1004,1,0,1,random,23,787
3,1004,1,0,1,random,23,787
4,1004,1,0,1,random,23,787
0,1004,1,0,1,random,24,114
1,997,7,1,8,random,24,114
2,936,67,2,69,random,24,114
3,666,325,14,339,random,24,114
4,347,581,77,658,random,24,114
5,228,578,199,777,random,24,114
6,185,508,312,820,random,24,114
7,155,433,417,850,random,24,114
8,147,354,504,858,random,24,114
9,139,294,572,866,random,24,114
10,134,236,635,871,random,24,114
11,132,193,680,873,random,24,114
12,129,158,718,876,random,24,114
13,127,133,745,878,random,24,114
14,124,104,777,881,random,24,114
15,123,87,795,882,random,24,114
16,123,70,812,882,random,24,114
17,123,57,825,882,random,24,114
18,123,47,835,882,random,24,114
19,122,42,841,883,random,24,114
20,122,32,851,883,random,24,114
21,122,26,857,883,random,24,114
22,122,23,860,883,random,24,114
23,122,20,863,883,random,24,114
24,122,17,866,883,random,24,114
25,122,14,869,883,random,24,114
0,1004,1,0,1,random,25,161
1,1003,2,0,2,random,25,161
2,991,12,2,14,random,25,161
3,951,51,3,54,random,25,161
4,742,251,12,263,random,25,161
5,411,531,63,594,random,25,161
6,255,569,181,750,random,25,161
7,195,498,312,810,random,25,161
8,174,428,403,831,random,25,161
9,155,354,496,850,random,25,161
10,148,297,560,857,random,25,161
11,145,235,625,860,random,25,161
12,142,197,666,863,random,25,161
13,142,159,704,863,random,25,161
14,141,123,741,864,random,25,161
15,141,98,766,864,random,25,161
16,140,83,782,865,random,25,161
17,140,68,797,865,random,25,161
18,140,53,812,865,random,25,161
19,139,44,822,866,random,25,161
20,138,36,831,867,random,25,161
21,138,27,840,867,random,25,161
22,138,17,850,867,random,25,161
23,138,15,852,867,random,25,161
24,138,13,854,867,random,25,161
25,138,11,856,867,random,25,161
0,1004,1,0,1,random,26,976
1,1000,5,0,5,random,26,976
2,984,21,0,21,random,26,976
3,865,137,3,140,random,26,976
4,555,417,33,450,random,26,976
5,313,577,115,692,random,26,976
6,219,552,234,786,random,26,976
7,183,471,351,822,random,26,976
8,168,393,444,837,random,26,976
9,157,336,512,848,random,26,976
10,152,270,583,853,random,26,976
11,148,227,630,857,random,26,976
12,145,189,671,860,random,26,976
13,141,151,713,864,random,26,976
14,138,122,745,867,random,26,976
15,138,93,774,867,random,26,976
16,138,75,792,867,random,26,976
17,138,60,807,867,random,26,976
18,138,49,818,867,random,26,976
19,138,41,826,867,random,26,976
20,138,34,833,867,random,26,976
21,137,32,836,868,random,26,976
22,137,27,841,868,random,26,976
23,137,24,844,868,random,26,976
24,137,22,846,868,random,26,976
25,137,16,852,868,random,26,976
0,1004,1,0,1,random,27,995
1,1004,1,0,1,random,27,995
2,1004,1,0,1,random,27,995
3,1004,1,0,1,random,27,995
0,1004,1,0,1,random,28,891
1,1004,1,0,1,random,28,891
2,1004,1,0,1,random,28,891
0,1004,1,0,1,random,29,861
1,1004,1,0,1,random,29,861
2,1004,1,0,1,random,29,861
3,1004,1,0,1,random,29,861
4,1004,1,0,1,random,29,861
5,1004,1,0,1,random,29,861
6,1004,1,0,1,random,29,861
